dataset,instance,variant,HV_common,Cmax_best,TEC_best,WB_best,NSol,Time,Transition_gen,PPO_update_count,BC_final_accuracy,Entropy_last20,seed_count
Brandimarte,Mk01.fjs,R1_survival_only,0.9623148071482108,61.91972559912156,1781.8741596781051,12.999999999999991,76.0,67.06635868549347,70.0,2.0,0.321428582072258,0.8598013717412932,10
Brandimarte,Mk01.fjs,R2_hv_only,0.9552523117246665,62.428668546465275,1803.90761268226,12.99999999999999,79.5,64.0016860961914,68.5,2.0,0.28087557852268213,0.8447498719580941,10
Brandimarte,Mk01.fjs,R3_cmax_only,0.9232708378161538,62.3898279454161,1792.112884817921,12.999999999999991,75.5,54.619070291519165,70.0,2.0,0.2576036900281906,0.8296983721748951,10
Brandimarte,Mk01.fjs,R4_survival_hv,0.9661943344085518,61.792636866829284,1789.489522091194,12.999999999999991,70.0,55.86425268650055,66.5,2.5,0.3062500059604645,0.8022182134379926,10
Brandimarte,Mk01.fjs,R5_composite,0.9767902866569863,61.741130376720804,1793.0924409505062,12.999999999999991,77.0,54.22354972362518,70.0,2.0,0.3062500059604645,0.8200130596015762,10
Brandimarte,Mk01.fjs,R6_adaptive_weight,0.925883301078684,63.37060209580649,1797.0724816403256,12.99999999999999,71.0,55.27830636501312,67.0,2.5,0.3276785761117935,0.817584620548888,10
Brandimarte,Mk02.fjs,R1_survival_only,1.0107549549171864,49.55959190147337,1630.160157445386,1.999999999999993,46.0,58.01431715488434,70.0,2.0,0.3000000119209289,0.8756044340753462,10
Brandimarte,Mk02.fjs,R2_hv_only,0.9655053773937843,50.63433543047695,1630.2853983345485,1.9999999999999964,53.0,56.44538879394531,67.0,2.5,0.30322581529617304,0.8476876201152861,10
Brandimarte,Mk02.fjs,R3_cmax_only,1.0046217424530943,49.6355312123346,1639.4767565680268,1.9999999999999947,48.0,56.45355236530304,64.0,3.0,0.28801843523979187,0.8254519006928027,10
Brandimarte,Mk02.fjs,R4_survival_hv,0.9873892691618348,49.17190142531296,1638.7341451408665,1.9999999999999964,50.0,58.16293668746948,66.0,2.5,0.3402116447687149,0.7854898371529593,10
Brandimarte,Mk02.fjs,R5_composite,1.0068329115072747,49.422945523344254,1615.2674656240397,1.999999999999993,46.0,57.94250404834747,70.0,2.0,0.321428582072258,0.8168330579980341,10
Brandimarte,Mk02.fjs,R6_adaptive_weight,1.0194015590683714,49.8605594344456,1619.4658009349275,1.9999999999999947,49.0,55.70844256877899,69.5,2.0,0.3142857253551483,0.8504309664956707,10
Brandimarte,Mk03.fjs,R1_survival_only,0.936791788631944,364.19324653383535,12020.227331760992,23.999999999999915,74.5,97.23105013370514,70.0,2.0,0.2857142984867096,0.9012665603828445,10
Brandimarte,Mk03.fjs,R2_hv_only,0.9438691318757233,360.74754095018227,11881.079920978595,25.99999999999993,67.5,96.18420577049254,70.0,2.0,0.2857142984867096,0.8511825290465247,10
Brandimarte,Mk03.fjs,R3_cmax_only,0.9170208088349786,368.8688504296028,12012.572564589449,26.999999999999872,69.5,105.34822010993958,70.0,2.0,0.2500000074505806,0.8805339660620688,10
Brandimarte,Mk03.fjs,R4_survival_hv,0.9393568200689306,364.5555322957716,11969.627283508325,23.99999999999993,70.5,95.236168384552,70.0,2.0,0.2857142984867096,0.8812855286129229,10
Brandimarte,Mk03.fjs,R5_composite,0.9414449741379805,363.8779565101735,11922.158825153558,25.49999999999993,63.5,97.85630583763123,70.0,2.0,0.28571429848670954,0.8561120610332473,10
Brandimarte,Mk03.fjs,R6_adaptive_weight,0.9341615872673795,368.7097565832378,11810.19664475332,23.999999999999943,66.5,96.62625086307526,70.0,2.0,0.2857142984867096,0.895585465845268,10
Brandimarte,Mk04.fjs,R1_survival_only,0.857103981138314,112.98090721056587,3717.6689940670863,35.999999999999986,59.5,69.88447403907776,70.0,2.0,0.30714286863803864,0.8992747765533138,10
Brandimarte,Mk04.fjs,R2_hv_only,0.8701757126568288,112.07610982410596,3735.7201102826375,35.99999999999997,55.0,70.3426421880722,70.0,2.0,0.28464819490909576,0.8541202772037166,10
Brandimarte,Mk04.fjs,R3_cmax_only,0.8534398203178158,114.78226231382433,3678.4092989487417,35.999999999999986,61.0,71.13711929321289,70.0,2.0,0.2428571432828903,0.8506253682724781,10
Brandimarte,Mk04.fjs,R4_survival_hv,0.8488785276206774,114.00050315769016,3673.5185420292046,35.99999999999997,62.5,71.95886480808258,70.0,2.0,0.3142857253551483,0.8605529342921472,10
Brandimarte,Mk04.fjs,R5_composite,0.8628956845710137,112.58937534838245,3698.6467690967884,35.99999999999998,67.5,73.9751808643341,70.0,2.0,0.3000000119209289,0.8455014345089481,10
Brandimarte,Mk04.fjs,R6_adaptive_weight,0.8504847129127493,113.34488418325446,3732.125166358611,35.99999999999998,55.0,71.55052161216736,70.0,2.0,0.2928571552038193,0.8590498091904393,10
Brandimarte,Mk05.fjs,R1_survival_only,0.9685378839089609,220.67262237381817,6453.101898040757,2.999999999999943,38.0,76.5840973854065,67.0,2.5,0.3255760371685028,0.8533687146528626,10
Brandimarte,Mk05.fjs,R2_hv_only,0.9208109272252045,221.88956665412223,6455.31054142635,2.999999999999943,32.5,76.33358108997345,68.5,2.0,0.28571429848670954,0.8049615598183772,10
Brandimarte,Mk05.fjs,R3_cmax_only,0.9540463577172393,223.61969375632637,6416.462308643127,1.9999999999999716,41.0,78.27915132045746,65.5,2.5,0.27978208661079407,0.8326361203320871,10
Brandimarte,Mk05.fjs,R4_survival_hv,0.9709765008264019,218.72487100367061,6423.1368867222955,2.9999999999999574,27.5,88.86868846416473,61.5,3.0,0.33364056050777435,0.777796308409171,10
Brandimarte,Mk05.fjs,R5_composite,0.9122187830657135,223.94463448503927,6441.693716657587,2.999999999999943,36.0,79.01762545108795,62.0,3.0,0.33879782259464264,0.7533744033803496,10
Brandimarte,Mk05.fjs,R6_adaptive_weight,0.9368603050068759,222.8458641629607,6442.948138198132,2.999999999999943,35.5,76.14667642116547,64.0,3.0,0.3247767835855484,0.7570637140883953,10
Brandimarte,Mk06.fjs,R1_survival_only,0.8039381742278844,152.92339651665623,4101.36432328282,26.999999999999982,76.5,96.52568662166595,70.0,2.0,0.3040194660425186,0.8504309664956706,10
Brandimarte,Mk06.fjs,R2_hv_only,0.8046433102683064,151.3179395429126,4068.9122121597657,24.49999999999998,82.5,96.52875328063963,70.0,2.0,0.3285714387893677,0.8548718397545705,10
Brandimarte,Mk06.fjs,R3_cmax_only,0.793468856415384,153.46894115861812,4110.51554309943,26.499999999999982,78.0,97.19463586807251,70.0,2.0,0.3000000119209289,0.8541202772037166,10
Brandimarte,Mk06.fjs,R4_survival_hv,0.7880545953832587,153.10845651616788,4072.7188079602474,27.499999999999986,91.0,108.69042146205902,70.0,2.0,0.3000000119209289,0.8381228130928562,10
Brandimarte,Mk06.fjs,R5_composite,0.7964345817560872,153.56314884749304,4124.356121812147,26.499999999999986,79.5,97.04276609420776,70.0,2.0,0.30322581529617304,0.8383172148696636,10
Brandimarte,Mk06.fjs,R6_adaptive_weight,0.7973584997120734,152.9382486276038,4111.420735214785,26.999999999999993,79.5,97.15123963356018,70.0,2.0,0.3000000119209289,0.8168330579980341,10
Brandimarte,Mk07.fjs,R1_survival_only,1.1264667414827296,212.81557897584287,5971.171147744795,6.999999999999972,53.0,79.82824909687042,70.0,2.0,0.2857142984867096,0.8805339660620688,10
Brandimarte,Mk07.fjs,R2_hv_only,1.10797536056013,213.9625559277723,5938.211397893008,7.499999999999957,43.0,76.16022884845734,70.0,2.0,0.2500000074505806,0.8728610876949616,10
Brandimarte,Mk07.fjs,R3_cmax_only,1.121408613269727,211.6766966446989,5953.139189324157,6.499999999999972,37.5,75.47556161880493,70.0,2.0,0.2714285850524902,0.8262034632436566,10
Brandimarte,Mk07.fjs,R4_survival_hv,1.1154074696797736,210.18645716661553,5956.351274558427,6.999999999999986,45.5,76.27834069728851,70.0,2.0,0.2785714417695999,0.8474932183384787,10
Brandimarte,Mk07.fjs,R5_composite,1.1186298980880758,212.75985103419356,5938.553586928508,5.999999999999986,42.0,83.57357275485992,70.0,2.0,0.2928571552038193,0.8469360575644322,10
Brandimarte,Mk07.fjs,R6_adaptive_weight,1.1375093481451994,212.21361479073605,5946.17876809826,4.999999999999972,41.5,76.24868977069855,70.0,2.0,0.2714285850524902,0.8684202144360618,10
Brandimarte,Mk08.fjs,R1_survival_only,1.0392509442305111,761.0830377533847,29273.744636800657,522.9999999999998,9.0,134.59330582618713,70.0,2.0,0.3025423735380173,0.8318845577812332,10
Brandimarte,Mk08.fjs,R2_hv_only,1.0464546550007374,756.0068504880594,29281.824287907053,522.9999999999998,9.5,126.34309554100037,50.5,3.5,0.31365740299224854,0.8135804025131458,10
Brandimarte,Mk08.fjs,R3_cmax_only,1.0011288040424664,758.6941288741886,29415.06074782837,522.9999999999998,9.0,124.120561003685,56.5,3.0,0.31339286267757416,0.830449934725749,10
Brandimarte,Mk08.fjs,R4_survival_hv,1.1112687219332928,746.2161501250712,29088.779356334315,522.9999999999998,9.5,127.39042174816132,57.0,3.0,0.3774193525314331,0.8230713133096572,10
Brandimarte,Mk08.fjs,R5_composite,1.0564334256427808,755.5330479705707,29201.030824373593,522.9999999999998,8.5,138.75991821289062,62.0,3.0,0.3025761097669601,0.8353794667124717,10
Brandimarte,Mk08.fjs,R6_adaptive_weight,1.0678750828301649,754.1343126747831,29211.784818450273,522.9999999999998,13.0,130.74287676811218,51.0,3.5,0.345279723405838,0.8022182134379926,10
Brandimarte,Mk09.fjs,R1_survival_only,0.9629626733491157,667.3220105609752,27478.573537065575,32.49999999999994,64.5,136.74432051181793,70.0,2.0,0.2928571552038193,0.8777906196816843,10
Brandimarte,Mk09.fjs,R2_hv_only,0.9764023182775524,668.2272096845297,27549.400901446417,28.999999999999886,61.5,134.220397233963,70.0,2.0,0.321428582072258,0.8728610876949616,10
Brandimarte,Mk09.fjs,R3_cmax_only,0.9825886872137817,663.4141687109764,27675.28376034116,28.99999999999997,58.0,144.1669192314148,70.0,2.0,0.3000000119209289,0.8627391198984853,10
Brandimarte,Mk09.fjs,R4_survival_hv,0.9790687183308443,666.3179520330732,27464.13681004456,30.99999999999997,60.5,141.39079880714417,70.0,2.0,0.2714285850524902,0.8842232767701148,10
Brandimarte,Mk09.fjs,R5_composite,0.9804664162993513,669.1577366821431,27399.953797861366,28.99999999999997,57.5,139.8171569108963,70.0,2.0,0.2714285850524902,0.8834717142192609,10
Brandimarte,Mk09.fjs,R6_adaptive_weight,0.9853857245999674,658.0889467801303,27720.928714376358,28.999999999999915,50.5,143.52764999866486,70.0,2.0,0.2928571552038193,0.8598013717412932,10
Brandimarte,Mk10.fjs,R1_survival_only,0.8394255712904024,584.9776018870984,22621.67902042019,220.49999999999994,25.5,142.44422256946564,51.5,3.5,0.3716356158256531,0.8568636235841012,10
Brandimarte,Mk10.fjs,R2_hv_only,0.8754193596275786,575.728546274403,22602.852150171046,220.4999999999999,24.0,140.07786679267883,70.0,2.0,0.2961538583040237,0.8598013717412932,10
Brandimarte,Mk10.fjs,R3_cmax_only,0.891917452568287,575.0053285145927,22464.297047455017,219.99999999999997,29.5,135.52961218357086,70.0,2.0,0.28053830564022064,0.8126550885621653,10
Brandimarte,Mk10.fjs,R4_survival_hv,0.8615574159634414,583.2664806975579,22383.44752386632,221.49999999999994,26.0,134.49515962600708,69.0,2.0,0.30000001192092896,0.879782403511215,10
Brandimarte,Mk10.fjs,R5_composite,0.849996302764009,580.1890652327138,22490.16127543118,221.49999999999994,26.0,141.82068872451782,70.0,2.0,0.30217391252517695,0.833387682882941,10
Brandimarte,Mk10.fjs,R6_adaptive_weight,0.8252114071691778,582.1747716154402,22521.672297202,221.99999999999994,30.0,139.11756002902985,65.0,2.5,0.304257407784462,0.7968520262281124,10
Hurink_edata,la01.fjs,R1_survival_only,1.063048078095774,814.7174638382937,24371.77227053779,71.99999999999977,14.5,49.267112374305725,55.0,3.0,0.3737745136022568,0.7798087426153827,10
Hurink_edata,la01.fjs,R2_hv_only,1.0854563902483476,817.8959218665441,24328.517901862513,71.99999999999966,13.0,48.161845326423645,53.5,3.0,0.3174603283405304,0.8032846833165429,10
Hurink_edata,la01.fjs,R3_cmax_only,1.0557080058144606,815.1272370113969,24436.514289149534,71.99999999999972,17.5,47.954309701919556,55.5,3.0,0.299600288271904,0.8069739940245888,10
Hurink_edata,la01.fjs,R4_survival_hv,1.0800746645649721,808.278350059526,24447.985458133742,71.99999999999972,13.5,47.395139336586,48.5,3.5,0.3537076562643051,0.8568636235841012,10
Hurink_edata,la01.fjs,R5_composite,1.0603811850349047,823.0530562289632,24436.30343409709,71.99999999999966,16.0,50.62334847450256,68.0,2.0,0.30227744579315186,0.817584620548888,10
Hurink_edata,la01.fjs,R6_adaptive_weight,1.083984535459054,816.320781916468,24422.580690468785,71.99999999999966,15.0,48.125768542289734,56.0,3.0,0.32772752642631525,0.7516975268785152,10
Hurink_edata,la02.fjs,R1_survival_only,1.0835278932852794,825.093014437753,21776.71138544054,171.99999999999966,26.5,48.341190338134766,55.5,3.0,0.33908046782016754,0.8014666508871388,10
Hurink_edata,la02.fjs,R2_hv_only,1.0887089238587717,828.0802879647006,21795.48051359692,171.9999999999997,27.5,49.32033693790436,41.0,4.0,0.3225524425506592,0.8289468096240411,10
Hurink_edata,la02.fjs,R3_cmax_only,1.0838131123713666,828.9547176622841,21791.93451268597,171.9999999999997,28.0,49.03493249416351,57.5,3.0,0.29427899420261383,0.8032846833165429,10
Hurink_edata,la02.fjs,R4_survival_hv,1.0991294427201574,828.5275369323997,21719.726306775345,171.99999999999966,34.0,48.33689272403717,60.0,3.0,0.3360215127468109,0.8045249045952196,10
Hurink_edata,la02.fjs,R5_composite,1.034102455057103,833.9404030475916,21783.759509043055,171.9999999999997,28.5,48.8538099527359,60.0,3.0,0.3343889713287353,0.8267606240177031,10
Hurink_edata,la02.fjs,R6_adaptive_weight,1.075096517207387,823.5624288882757,21829.36147967569,171.99999999999966,27.5,49.65400719642639,55.5,3.0,0.35147058963775635,0.8175846205488879,10
Hurink_edata,la03.fjs,R1_survival_only,1.1466446649746536,721.8962980029997,19733.067501167687,86.99999999999977,29.0,49.43145179748535,56.0,3.0,0.34777742624282837,0.8353794667124717,10
Hurink_edata,la03.fjs,R2_hv_only,1.1376588596479795,716.2039311782814,19770.805816975062,86.99999999999974,30.5,51.341479539871216,52.0,3.0,0.3347959518432617,0.8289468096240411,10
Hurink_edata,la03.fjs,R3_cmax_only,1.1238241408975276,717.2924999634411,19709.50650235142,86.99999999999969,20.0,49.15932250022888,53.5,3.0,0.3272546380758285,0.7985289027299467,10
Hurink_edata,la03.fjs,R4_survival_hv,1.1498097564450105,712.7932352823977,19735.894713791655,86.99999999999972,31.0,49.105077385902405,61.5,3.0,0.31339286267757416,0.8541202772037166,10
Hurink_edata,la03.fjs,R5_composite,1.1457590759034604,719.093939544905,19684.056781367857,86.99999999999972,29.5,51.75664448738098,62.0,2.5,0.32500000298023224,0.8343129968339213,10
Hurink_edata,la03.fjs,R6_adaptive_weight,1.1387124214597293,718.5898070660737,19816.38680189326,86.99999999999977,27.0,48.724775552749634,54.5,3.0,0.3622449040412903,0.7852954353761519,10
Hurink_edata,la04.fjs,R1_survival_only,1.130272559354614,783.7983902662867,26632.52309016347,78.99999999999966,24.5,48.55254101753235,50.5,3.5,0.3678646981716156,0.8032846833165428,10
Hurink_edata,la04.fjs,R2_hv_only,1.1339037581860023,775.0002552298458,26567.762969408803,78.9999999999996,28.0,52.1571478843689,51.0,3.5,0.33095239102840424,0.7835979084976364,10
Hurink_edata,la04.fjs,R3_cmax_only,1.1322356422031015,776.9414864749756,26573.6283103202,78.99999999999963,21.5,51.62682831287384,48.5,4.0,0.3504939079284668,0.7513826195508189,10
Hurink_edata,la04.fjs,R4_survival_hv,1.1087368670701037,783.9165827360921,26701.47396505042,78.99999999999966,28.5,58.19650185108185,55.0,3.0,0.342960923910141,0.8040362458673969,10
Hurink_edata,la04.fjs,R5_composite,1.0921221981192475,786.3464529196629,26749.594304759325,78.99999999999966,27.0,62.01969254016876,50.0,3.5,0.349021777510643,0.8447498719580941,10
Hurink_edata,la04.fjs,R6_adaptive_weight,1.1146043453641368,765.9159364119546,26650.866170535264,78.99999999999966,25.0,57.64416444301605,53.0,3.0,0.35510204732418055,0.8627391198984853,10
Hurink_edata,la05.fjs,R1_survival_only,1.0991201896890148,699.565599565577,23243.757210225533,125.99999999999972,35.5,55.2576287984848,64.0,3.0,0.33616071939468384,0.7919224942413897,10
Hurink_edata,la05.fjs,R2_hv_only,1.1531976046306522,679.5416853457616,23185.940268591414,125.99999999999974,35.0,56.71899497509003,62.5,3.0,0.3094758093357086,0.8032846833165428,10
Hurink_edata,la05.fjs,R3_cmax_only,1.1219648706349008,688.029339440149,23286.33438195839,125.99999999999972,28.0,46.88465440273285,57.5,3.0,0.3518379479646683,0.8135804025131457,10
Hurink_edata,la05.fjs,R4_survival_hv,1.1114731723549598,686.629334156418,23286.784634675543,125.99999999999972,29.5,47.1908164024353,54.5,3.5,0.36249999701976776,0.7968520262281124,10
Hurink_edata,la05.fjs,R5_composite,1.1260482997283812,683.2210213389728,23215.044218194205,125.99999999999972,33.0,45.99772620201111,52.5,3.5,0.3826219439506531,0.8343129968339213,10
Hurink_edata,la05.fjs,R6_adaptive_weight,1.104185254624634,687.2102594752323,23322.9968200331,125.99999999999974,24.5,46.06205081939697,59.5,3.0,0.3445449471473694,0.8711635608164463,10
Hurink_edata,la06.fjs,R1_survival_only,1.2138253827105074,1060.4286955902426,32442.92903691763,74.99999999999977,20.5,55.62547838687897,68.0,2.0,0.3156354427337646,0.8654824662788698,10
Hurink_edata,la06.fjs,R2_hv_only,1.1848970344205125,1071.6067289879397,32564.05074554744,74.99999999999977,22.5,56.11445689201355,62.0,3.0,0.27978208661079407,0.8585611504626165,10
Hurink_edata,la06.fjs,R3_cmax_only,1.2084530718361624,1057.9523092734075,32558.005539118873,74.99999999999977,18.5,55.884323716163635,61.0,3.0,0.2975543439388275,0.8511825290465247,10
Hurink_edata,la06.fjs,R4_survival_hv,1.2093613598762083,1054.0653534405226,32422.33287658525,74.99999999999977,22.0,55.732224106788635,65.5,2.5,0.31800673902034754,0.8111519634604576,10
Hurink_edata,la06.fjs,R5_composite,1.2145939372504078,1049.0637405307848,32526.621479803718,74.99999999999977,19.5,55.226402759552,53.5,3.0,0.3142857253551483,0.8496794039448168,10
Hurink_edata,la06.fjs,R6_adaptive_weight,1.162794022309793,1081.6026678646808,32742.37985731152,74.99999999999977,14.0,54.69877529144287,56.5,3.0,0.36645703017711634,0.7115943074111019,10
Hurink_edata,la07.fjs,R1_survival_only,0.9300936094148553,1092.7925638052116,37088.438984577995,21.999999999999545,30.0,56.1613312959671,52.5,3.0,0.36296296119689936,0.7871667136547935,10
Hurink_edata,la07.fjs,R2_hv_only,0.9784075972362851,1085.4384968904644,37146.00823261421,21.999999999999602,21.5,56.67515957355499,63.5,3.0,0.34285715222358704,0.799595372608497,10
Hurink_edata,la07.fjs,R3_cmax_only,0.9347584996950872,1100.8262136030799,37144.607379842346,21.999999999999545,24.0,57.03762948513031,62.5,3.0,0.2841614931821823,0.7728667764224484,10
Hurink_edata,la07.fjs,R4_survival_hv,0.9260289971927746,1083.1706054063961,37280.401605124156,21.999999999999602,26.0,56.922561049461365,57.5,3.0,0.33201058208942413,0.7935993707432241,10
Hurink_edata,la07.fjs,R5_composite,0.9703803090347238,1079.3300099771623,37126.13234544665,21.99999999999966,26.0,56.49697434902191,55.0,3.5,0.3590102791786194,0.753200651980223,10
Hurink_edata,la07.fjs,R6_adaptive_weight,0.8836460006060303,1092.3505508497828,37252.1296028235,21.999999999999545,31.5,56.80307710170746,58.5,3.0,0.33571429550647736,0.8383172148696636,10
Hurink_edata,la08.fjs,R1_survival_only,1.1922304334650213,1131.630056934801,35755.12889688081,181.4999999999996,36.0,56.79194152355194,64.5,3.0,0.3433035761117935,0.873786401645942,10
Hurink_edata,la08.fjs,R2_hv_only,1.198848138547969,1126.4329792320136,35717.67248597559,185.99999999999937,34.0,57.998260140419006,67.0,2.5,0.29616476595401764,0.8504309664956706,10
Hurink_edata,la08.fjs,R3_cmax_only,1.1996597909118027,1116.626891569485,35811.102995952504,181.49999999999955,35.5,57.40359151363373,64.0,3.0,0.2884615510702133,0.8447498719580941,10
Hurink_edata,la08.fjs,R4_survival_hv,1.1832354183297076,1118.3446756270619,35817.90627375843,181.4999999999996,33.5,56.856406807899475,64.5,3.0,0.29833464324474335,0.845501434508948,10
Hurink_edata,la08.fjs,R5_composite,1.1985950273857582,1125.5635316932169,35698.71330459851,185.99999999999937,29.0,56.96347916126251,62.5,3.0,0.3000000119209289,0.8254519006928026,10
Hurink_edata,la08.fjs,R6_adaptive_weight,1.1923569611190907,1124.6409905099358,35650.81976599402,185.99999999999943,44.0,57.07806968688965,65.5,3.0,0.3047409653663635,0.8131437472899882,10
Hurink_edata,la09.fjs,R1_survival_only,1.136033410550573,1122.970757116781,42918.767873470264,48.99999999999966,18.5,56.60915768146515,67.0,2.5,0.33142857253551483,0.8293834648471987,10
Hurink_edata,la09.fjs,R2_hv_only,1.1737769057474046,1126.7866443993985,42836.03640991695,48.99999999999966,28.5,57.868072748184204,70.0,2.0,0.3347402662038803,0.8805339660620688,10
Hurink_edata,la09.fjs,R3_cmax_only,1.1647276640374686,1132.4346726858794,42733.679972304926,48.99999999999966,25.0,57.53757858276367,70.0,2.0,0.2857142984867096,0.8476876201152861,10
Hurink_edata,la09.fjs,R4_survival_hv,1.1653048304726823,1134.4933089875599,42816.41629342708,48.999999999999716,24.0,55.90372037887573,62.0,3.0,0.33095239102840424,0.7495113412721771,10
Hurink_edata,la09.fjs,R5_composite,1.1346151532816768,1121.5471880056984,42859.321428309166,48.99999999999966,24.0,56.57030153274536,70.0,2.0,0.26806724071502686,0.8232657150864645,10
Hurink_edata,la09.fjs,R6_adaptive_weight,1.1618584068786055,1134.4650863787474,42760.17623398118,48.999999999999716,24.0,57.06422734260559,70.0,2.0,0.307911604642868,0.8561120610332473,10
Hurink_edata,la10.fjs,R1_survival_only,1.0432595880269488,1154.60905937933,34722.52933785172,89.99999999999977,53.5,57.9210000038147,70.0,2.0,0.3000000119209289,0.8247688401881725,10
Hurink_edata,la10.fjs,R2_hv_only,1.083677875270701,1132.8823991731488,34681.370947999894,89.99999999999977,57.0,58.26993751525879,62.0,3.0,0.3129197210073471,0.8111519634604575,10
Hurink_edata,la10.fjs,R3_cmax_only,1.0839054094651732,1118.020893568726,34732.36442659895,89.99999999999977,48.5,58.40342092514038,70.0,2.0,0.2928571552038193,0.850625368272478,10
Hurink_edata,la10.fjs,R4_survival_hv,1.088403620694953,1112.542443937139,34752.58435882281,89.99999999999977,41.0,58.162283420562744,70.0,2.0,0.3142857253551483,0.8175846205488879,10
Hurink_edata,la10.fjs,R5_composite,1.0546062426557339,1128.8294319518222,34718.740565127366,89.99999999999977,49.0,58.302911043167114,70.0,2.0,0.29039813578128815,0.7333933716104277,10
Hurink_edata,la10.fjs,R6_adaptive_weight,1.1026695908042379,1108.147262909879,34571.316822901295,89.99999999999977,56.5,58.47083306312561,70.0,2.0,0.3000000119209289,0.8240172776373185,10
Hurink_edata,la11.fjs,R1_survival_only,1.1846095012155202,1477.262919425108,52627.38860387644,97.99999999999976,27.5,67.0130443572998,60.5,3.0,0.3532163798809051,0.8476876201152861,10
Hurink_edata,la11.fjs,R2_hv_only,1.1954503478484542,1471.8114924193485,52779.353575052766,97.99999999999972,23.0,67.71894311904907,58.0,3.0,0.3252122551202774,0.8741013089736384,10
Hurink_edata,la11.fjs,R3_cmax_only,1.1605851772003533,1488.511509156941,52750.97604779877,97.99999999999976,38.5,67.75720655918121,60.0,3.0,0.30340676009655,0.8383172148696636,10
Hurink_edata,la11.fjs,R4_survival_hv,1.1895165731945387,1478.4665362451756,52677.437425296026,97.99999999999966,31.0,67.78929221630096,48.0,4.0,0.35442546010017395,0.8326361203320871,10
Hurink_edata,la11.fjs,R5_composite,1.1808417198898535,1483.7916162747015,52808.56955948319,97.99999999999972,17.0,66.94212973117828,59.5,3.0,0.3539682626724243,0.7785478709600249,10
Hurink_edata,la11.fjs,R6_adaptive_weight,1.1404964384826823,1503.9271245771815,52782.69773531539,97.99999999999966,33.5,67.8865202665329,52.5,3.5,0.34187500178813934,0.8019033061102963,10
Hurink_edata,la12.fjs,R1_survival_only,1.1556907787750945,1225.7196631737638,36554.41924873309,72.99999999999977,35.0,67.77255201339722,70.0,2.0,0.3000000119209289,0.8770390571308304,10
Hurink_edata,la12.fjs,R2_hv_only,1.1362811937021808,1221.2032022287772,36735.36533701094,72.99999999999966,30.5,67.96000170707703,63.5,3.0,0.318237692117691,0.814646872391696,10
Hurink_edata,la12.fjs,R3_cmax_only,1.092023723425351,1250.749266920764,36735.47517605631,72.99999999999977,21.5,68.53030383586884,70.0,2.0,0.2714285850524902,0.8484391826661399,10
Hurink_edata,la12.fjs,R4_survival_hv,1.0975768482954749,1243.3187825666319,36736.7486849897,72.99999999999966,31.0,67.84150326251984,70.0,2.0,0.31339286267757416,0.8785421822325382,10
Hurink_edata,la12.fjs,R5_composite,1.1254749016989611,1243.644700467527,36723.10758879593,72.99999999999972,26.0,67.252814412117,70.0,2.0,0.2992537319660187,0.811709124234504,10
Hurink_edata,la12.fjs,R6_adaptive_weight,1.115295241561573,1246.9480294017312,36639.82271151618,72.99999999999972,25.0,67.26188540458679,70.0,2.0,0.28571429848670954,0.8240172776373185,10
Hurink_edata,la13.fjs,R1_survival_only,1.1565908590125589,1348.8663804041853,45617.736573002665,24.0,28.5,67.27822196483612,70.0,2.0,0.29912281036376953,0.8229508077587683,10
Hurink_edata,la13.fjs,R2_hv_only,1.1310285365896942,1383.160778428094,45750.51933637235,24.0,29.0,67.86361229419708,70.0,2.0,0.2825630307197571,0.8748528715244923,10
Hurink_edata,la13.fjs,R3_cmax_only,1.126164492221291,1359.8079284607938,45777.216449726,23.999999999999886,24.5,67.58263742923737,70.0,2.0,0.2571428716182709,0.8748528715244923,10
Hurink_edata,la13.fjs,R4_survival_hv,1.1173800546245818,1372.8929026062056,45735.73643679623,23.999999999999886,23.5,67.7480001449585,70.0,2.0,0.2928571552038193,0.8541202772037166,10
Hurink_edata,la13.fjs,R5_composite,1.0985405282363594,1394.8989625070144,45739.479892180054,24.0,36.0,67.73964786529541,70.0,2.0,0.2857142984867096,0.8531743128760554,10
Hurink_edata,la13.fjs,R6_adaptive_weight,1.1204109219671707,1349.2448789217387,45673.19616135095,24.0,31.0,67.69319176673889,70.0,2.0,0.3000000119209289,0.8318845577812332,10
Hurink_edata,la14.fjs,R1_survival_only,1.0830245077175102,1422.6449683046126,51559.83260959392,199.99999999999972,28.0,66.01136422157288,66.5,2.5,0.31587302684783936,0.8504309664956707,10
Hurink_edata,la14.fjs,R2_hv_only,1.0758087955672537,1414.039724010988,51446.30393551056,199.99999999999963,29.0,67.44729244709015,70.0,2.0,0.29912281036376953,0.8296983721748951,10
Hurink_edata,la14.fjs,R3_cmax_only,1.0549255978062249,1417.3677862273478,51575.27699558389,199.99999999999957,26.0,67.80288517475128,70.0,2.0,0.2662525922060013,0.8316901560044259,10
Hurink_edata,la14.fjs,R4_survival_hv,1.0694863806865669,1421.6872455765101,51430.68270480252,199.99999999999963,26.0,67.15297520160675,64.0,3.0,0.3292740136384964,0.8785421822325381,10
Hurink_edata,la14.fjs,R5_composite,1.0655816552754325,1431.5083105364606,51607.311735565156,199.99999999999957,27.0,66.83797931671143,68.5,2.0,0.30671642720699305,0.8412549630268555,10
Hurink_edata,la14.fjs,R6_adaptive_weight,1.0678031314366438,1436.5643381395787,51603.441151065475,199.99999999999957,27.5,67.29407811164856,64.5,3.0,0.3237060159444809,0.8240172776373185,10
Hurink_edata,la15.fjs,R1_survival_only,1.085061819846834,1569.727308735527,49266.08696397667,35.49999999999943,20.5,67.38018119335175,58.5,3.0,0.34692029654979706,0.8436834020795438,10
Hurink_edata,la15.fjs,R2_hv_only,1.1093996194147526,1577.8308260882352,49161.73328082783,34.499999999999545,21.5,67.77679419517517,52.0,3.0,0.332282230257988,0.8906559338585452,10
Hurink_edata,la15.fjs,R3_cmax_only,1.1140994652132994,1573.386738350845,49099.895834098614,33.99999999999932,24.0,67.86208307743073,65.0,2.5,0.28345915675163263,0.8418121238009022,10
Hurink_edata,la15.fjs,R4_survival_hv,1.1424533425640073,1577.6089579544396,49130.533223127335,33.499999999999545,19.5,66.95081639289856,65.0,2.5,0.3437729477882385,0.7781112157368674,10
Hurink_edata,la15.fjs,R5_composite,1.088280219667724,1586.448749383716,49380.60333111335,33.49999999999932,23.0,67.41000413894653,60.0,3.0,0.32380953431129456,0.7902249673628745,10
Hurink_edata,la15.fjs,R6_adaptive_weight,1.1576232529988248,1584.325911526079,49180.87985731824,31.49999999999943,23.0,67.04269051551819,62.5,3.0,0.32785560190677643,0.8247688401881723,10
Hurink_edata,la16.fjs,R1_survival_only,1.1486641151857886,1549.0774752675384,53703.92189004997,161.99999999999946,18.5,66.83792614936829,63.5,3.0,0.33095239102840424,0.8511825290465245,10
Hurink_edata,la16.fjs,R2_hv_only,1.1327995315184705,1541.666195019508,54210.27760873428,161.99999999999943,22.0,67.2192759513855,54.5,3.0,0.32987484335899353,0.7862207493271323,10
Hurink_edata,la16.fjs,R3_cmax_only,1.1044963864704962,1525.9353576271214,54151.4851575031,161.99999999999943,24.0,67.0768266916275,48.0,4.0,0.34355972707271576,0.8684202144360618,10
Hurink_edata,la16.fjs,R4_survival_hv,1.1565617576624359,1525.9316220257394,53599.448603047626,161.99999999999943,19.0,66.49856567382812,64.5,2.5,0.32500000298023224,0.7358944645444623,10
Hurink_edata,la16.fjs,R5_composite,1.171410557963025,1518.8016772418955,53930.420604308194,161.99999999999935,21.5,67.15092051029205,67.0,2.5,0.31507937610149384,0.8439983094072402,10
Hurink_edata,la16.fjs,R6_adaptive_weight,1.131796016163539,1531.134902867607,54046.76488728187,161.9999999999995,18.5,66.75064325332642,59.0,3.0,0.33095239102840424,0.8293834648471987,10
Hurink_edata,la17.fjs,R1_survival_only,1.0991025366292577,1280.143144502334,52306.39900968925,280.9999999999996,11.5,66.23764717578888,62.5,3.0,0.33571429550647736,0.8132654951854493,10
Hurink_edata,la17.fjs,R2_hv_only,1.1147683772766177,1278.9467010552503,52336.33167628654,280.9999999999996,10.5,66.65198814868927,53.5,3.0,0.327706053853035,0.8296983721748952,10
Hurink_edata,la17.fjs,R3_cmax_only,1.1261471402352727,1280.6472172577771,52166.08919738095,280.9999999999996,15.0,66.83190822601318,53.5,3.0,0.3262246549129486,0.8212739312569339,10
Hurink_edata,la17.fjs,R4_survival_hv,1.0887842322297077,1290.3393659581031,52225.10833779819,280.9999999999996,13.0,66.21088206768036,62.5,3.0,0.3227926641702652,0.8541202772037166,10
Hurink_edata,la17.fjs,R5_composite,1.09950874704096,1299.2425416586361,52232.01080046656,280.99999999999955,16.5,66.13951003551483,57.0,3.0,0.3166273534297943,0.8168330579980341,10
Hurink_edata,la17.fjs,R6_adaptive_weight,1.1186558825176516,1277.3004427451033,52222.430511780636,280.9999999999996,14.0,66.61671447753906,56.0,3.0,0.34671878814697266,0.8682258126592544,10
Hurink_edata,la18.fjs,R1_survival_only,1.0577907076726927,1435.755307092616,61980.290092081734,209.99999999999946,20.0,66.20494413375854,70.0,2.0,0.3000000119209289,0.8258885559159602,10
Hurink_edata,la18.fjs,R2_hv_only,1.1114727379454707,1405.1331777377989,61872.823934877044,209.9999999999995,18.0,66.97090423107147,67.0,2.5,0.3007936626672745,0.8617931555708238,10
Hurink_edata,la18.fjs,R3_cmax_only,1.085163265762551,1437.2914916963186,62026.30237417549,209.99999999999946,16.5,67.14699959754944,55.5,3.0,0.2928571552038193,0.7882331835333438,10
Hurink_edata,la18.fjs,R4_survival_hv,1.0508835151486484,1436.5830666723061,62621.54319428895,209.99999999999955,17.5,66.53932535648346,67.0,2.5,0.2940678000450134,0.8634906824493391,10
Hurink_edata,la18.fjs,R5_composite,1.0692949869206856,1427.310756084376,62329.79045244238,209.9999999999995,19.5,66.3132518529892,63.0,3.0,0.3062500059604645,0.8383172148696636,10
Hurink_edata,la18.fjs,R6_adaptive_weight,1.121094714441665,1416.1324024049973,61729.60292987987,209.99999999999955,18.5,66.73327779769897,70.0,2.0,0.27364532649517054,0.8474932183384787,10
Hurink_edata,la19.fjs,R1_survival_only,1.0598975802233876,1544.568629485539,56592.54511594065,173.99999999999937,27.0,66.46478843688965,61.5,3.0,0.3516865074634552,0.8326361203320871,10
Hurink_edata,la19.fjs,R2_hv_only,1.085785851552202,1525.2983931944734,56290.579233915894,173.99999999999932,24.5,67.1476218700409,63.5,3.0,0.3083333373069763,0.8173902187720805,10
Hurink_edata,la19.fjs,R3_cmax_only,1.0827382847250555,1538.6076368838292,56408.62739616788,173.99999999999937,22.0,67.39403998851776,67.5,2.5,0.2696428596973419,0.8662340288297237,10
Hurink_edata,la19.fjs,R4_survival_hv,1.02381700429784,1550.154983908113,56413.385392350334,173.99999999999932,28.5,67.30612361431122,65.5,2.5,0.311475396156311,0.864242245000193,10
Hurink_edata,la19.fjs,R5_composite,1.094773769668652,1531.550372488417,56274.382338549156,173.99999999999932,27.0,67.05546975135803,70.0,2.0,0.30384616553783417,0.845501434508948,10
Hurink_edata,la19.fjs,R6_adaptive_weight,1.0451816079830167,1538.1693337522406,56427.98725211648,173.99999999999932,25.0,66.98381352424622,70.0,2.0,0.30369459092617035,0.852128493374186,10
Hurink_edata,la20.fjs,R1_survival_only,1.0394575696851043,1457.9978255872938,54395.687541739564,150.99999999999966,31.5,66.66861319541931,69.5,2.0,0.30823157727718353,0.8590498091904393,10
Hurink_edata,la20.fjs,R2_hv_only,1.0535575628553344,1457.9023115265943,54319.71060341905,150.99999999999974,25.0,67.19201624393463,65.0,3.0,0.2923077046871185,0.8467416557876248,10
Hurink_edata,la20.fjs,R3_cmax_only,1.0443658936069995,1477.875733534237,54295.16666570236,150.9999999999996,23.5,67.25944375991821,63.5,3.0,0.2857142984867096,0.8003469351593508,10
Hurink_edata,la20.fjs,R4_survival_hv,1.0523350742616895,1460.031311413779,54532.48550399942,150.99999999999966,29.0,67.41380155086517,70.0,2.0,0.28801843523979187,0.849190745216994,10
Hurink_edata,la20.fjs,R5_composite,1.0281950043399954,1478.7257388364524,54546.048524671845,150.99999999999963,29.5,67.39468276500702,70.0,2.0,0.2928571552038193,0.8232657150864646,10
Hurink_edata,la20.fjs,R6_adaptive_weight,1.1196444453004848,1453.0172288752738,54136.70233965882,150.99999999999966,23.0,66.92981934547424,70.0,2.0,0.2714285850524902,0.8383172148696636,10
Hurink_edata,la21.fjs,R1_survival_only,1.0081351527088578,2014.2672104193625,84454.82470773553,173.99999999999943,20.0,91.86121761798859,70.0,2.0,0.3285714387893677,0.8296983721748951,10
Hurink_edata,la21.fjs,R2_hv_only,1.010186451166355,2014.17931857983,84466.13546681934,173.99999999999943,13.0,107.14666783809662,70.0,2.0,0.28915829956531525,0.867931555708239,10
Hurink_edata,la21.fjs,R3_cmax_only,1.0724696710618251,1985.501592891243,83948.64443673452,173.99999999999932,18.0,117.00642013549805,69.0,2.0,0.28325527906417847,0.8240172776373185,10
Hurink_edata,la21.fjs,R4_survival_hv,1.0878030301293014,1978.810478067455,83651.53581191096,173.99999999999957,17.0,110.33897626399994,69.5,2.0,0.3029675632715225,0.8138953098408421,10
Hurink_edata,la21.fjs,R5_composite,1.0840520325165723,1955.6552076549708,83475.24909389974,173.99999999999943,13.5,113.50768113136292,70.0,2.0,0.2906250059604645,0.8531743128760553,10
Hurink_edata,la21.fjs,R6_adaptive_weight,1.048348202583911,1985.5644982935319,84231.13840041155,173.99999999999957,15.0,110.00082790851593,70.0,2.0,0.3015151619911194,0.7962222115727198,10
Hurink_edata,la22.fjs,R1_survival_only,0.9197596708024478,1797.4355809823605,83696.01546435303,205.9999999999993,14.0,112.36353719234467,57.0,3.0,0.34450550377368927,0.8296983721748951,10
Hurink_edata,la22.fjs,R2_hv_only,0.8223802936477747,1826.0837528898612,84204.37842514028,205.99999999999937,14.5,110.17870664596558,61.5,3.0,0.31339286267757416,0.8324417185552797,10
Hurink_edata,la22.fjs,R3_cmax_only,0.8593669644808253,1815.2399745579264,83861.90186389607,205.99999999999943,11.0,109.72424399852753,66.0,3.0,0.27164502441883087,0.8504309664956706,10
Hurink_edata,la22.fjs,R4_survival_hv,0.8833088604722787,1815.5170440240959,83750.12970952575,205.9999999999995,14.5,112.18629479408264,67.5,2.5,0.2961538583040237,0.8115886186836151,10
Hurink_edata,la22.fjs,R5_composite,0.9358041974829697,1781.1364174837574,83680.56205382477,205.99999999999937,13.0,101.6081873178482,58.5,3.0,0.34687499701976776,0.7761194319073367,10
Hurink_edata,la22.fjs,R6_adaptive_weight,0.8829564414183555,1810.7745748127736,83794.60064753669,205.99999999999937,10.0,110.22768461704254,54.0,3.0,0.3388480395078659,0.8361310292633255,10
Hurink_edata,la23.fjs,R1_survival_only,1.0679048158552378,2210.5100856848244,93750.22250828435,185.9999999999993,16.5,114.24831020832062,70.0,2.0,0.2981481552124023,0.8017815582148351,10
Hurink_edata,la23.fjs,R2_hv_only,1.0110291301997518,2210.4288228791456,94027.33069440251,185.9999999999993,11.0,109.3483030796051,64.5,3.0,0.30714286863803864,0.8541202772037166,10
Hurink_edata,la23.fjs,R3_cmax_only,0.9414863630991455,2264.591608523475,94532.98989959955,185.9999999999993,13.0,111.16344928741455,64.5,3.0,0.271284282207489,0.7928478081923702,10
Hurink_edata,la23.fjs,R4_survival_hv,1.0195676446220119,2234.8572775294424,94582.4565761218,185.9999999999993,16.5,119.16540586948395,69.5,2.0,0.30962733924388885,0.8899043713076914,10
Hurink_edata,la23.fjs,R5_composite,1.01763733159002,2239.00491795335,94249.40539088268,185.9999999999993,15.0,109.20843696594238,67.5,2.5,0.2928571552038193,0.8082142153032654,10
Hurink_edata,la23.fjs,R6_adaptive_weight,0.9371419275381745,2296.7885747985606,94796.51490235966,185.99999999999943,12.0,110.60826480388641,62.0,3.0,0.3279969245195389,0.7862207493271323,10
Hurink_edata,la24.fjs,R1_survival_only,1.1156590843507792,1927.7855854291404,78925.83487137457,229.99999999999926,13.0,112.58489441871644,65.0,2.5,0.3000000119209289,0.8086508705264231,10
Hurink_edata,la24.fjs,R2_hv_only,1.1148974056466616,1931.9472156630827,78878.50669006744,229.9999999999993,13.5,111.26155257225037,56.0,3.0,0.33095239102840424,0.8289468096240411,10
Hurink_edata,la24.fjs,R3_cmax_only,1.1092589142684965,1923.5821838395723,78770.60902840516,229.9999999999993,13.0,110.67083084583282,69.5,2.0,0.2685267925262451,0.8247688401881724,10
Hurink_edata,la24.fjs,R4_survival_hv,1.1213008875197223,1930.154031565952,78815.71055922206,229.99999999999926,19.0,107.21501696109772,65.5,2.5,0.3215986341238022,0.833387682882941,10
Hurink_edata,la24.fjs,R5_composite,1.0859815804733073,1950.5555458367012,78947.1881750366,229.9999999999993,13.5,110.75138008594513,69.5,2.0,0.31567029654979706,0.8504309664956706,10
Hurink_edata,la24.fjs,R6_adaptive_weight,1.0817030026078356,1952.3995720231242,79268.33307203918,229.99999999999926,17.0,110.25248289108276,65.0,2.5,0.2985948473215103,0.8511825290465247,10
Hurink_edata,la25.fjs,R1_survival_only,0.9865196661659568,1866.7309849726498,81485.72351042474,45.99999999999977,19.0,110.73819828033447,70.0,2.0,0.3151579946279526,0.8025331207656888,10
Hurink_edata,la25.fjs,R2_hv_only,1.0565110614967663,1838.795711375675,81583.32621202222,45.99999999999983,16.0,113.6331969499588,70.0,2.0,0.3000000119209289,0.8173902187720805,10
Hurink_edata,la25.fjs,R3_cmax_only,1.0240588485718438,1856.4691191623212,81912.56909524565,45.9999999999996,22.0,107.77316498756409,70.0,2.0,0.28571429848670954,0.8785421822325382,10
Hurink_edata,la25.fjs,R4_survival_hv,0.9949092098377694,1861.0147587334488,82036.97345671264,45.999999999999545,20.5,112.30700600147247,70.0,2.0,0.2928571552038193,0.7879182762056475,10
Hurink_edata,la25.fjs,R5_composite,0.9919374491468556,1862.5447684992496,82168.0022997508,45.99999999999977,19.0,110.74559879302979,70.0,2.0,0.293939396739006,0.8548718397545706,10
Hurink_edata,la25.fjs,R6_adaptive_weight,0.9700336949923083,1854.8552988486672,81859.57376178942,45.999999999999716,21.5,111.79811799526215,70.0,2.0,0.2928571552038193,0.8456958362857554,10
Hurink_edata,la26.fjs,R1_survival_only,1.1052273095801173,2389.4243598642406,116407.98341930757,83.49999999999937,16.5,140.84298241138458,70.0,2.0,0.3184331804513931,0.8410605612500482,10
Hurink_edata,la26.fjs,R2_hv_only,1.110265706335932,2367.6341672131334,117247.44694821106,82.49999999999932,14.5,141.26099276542664,70.0,2.0,0.2746031880378723,0.9113885281793209,10
Hurink_edata,la26.fjs,R3_cmax_only,1.1327046393542817,2397.663680566913,116344.58010918336,84.99999999999943,14.5,140.94171023368835,70.0,2.0,0.2571428641676902,0.8570580253609086,10
Hurink_edata,la26.fjs,R4_survival_hv,1.1019797741255482,2408.5366358761094,116874.77771062774,81.99999999999926,17.0,134.7921121120453,70.0,2.0,0.2928571552038193,0.8383172148696636,10
Hurink_edata,la26.fjs,R5_composite,1.1356205864994608,2388.9916328273803,116651.12767741596,81.99999999999943,20.0,128.48107433319092,70.0,2.0,0.2857142984867096,0.817584620548888,10
Hurink_edata,la26.fjs,R6_adaptive_weight,1.1044988442118324,2385.454620163291,116796.37305448254,83.49999999999943,16.0,136.76395761966705,70.0,2.0,0.2857142984867096,0.8447498719580941,10
Hurink_edata,la27.fjs,R1_survival_only,0.8533968074532212,2662.578319050619,127906.74272475805,75.99999999999932,15.5,135.99300527572632,70.0,2.0,0.2928571552038193,0.8361310292633256,10
Hurink_edata,la27.fjs,R2_hv_only,0.8558723921077778,2639.662054357666,127568.79663137853,75.99999999999932,12.5,136.40343236923218,70.0,2.0,0.2888889014720917,0.8237023703096222,10
Hurink_edata,la27.fjs,R3_cmax_only,0.9426505068179024,2619.346203083731,126905.90191016102,75.99999999999932,13.0,133.50902450084686,70.0,2.0,0.2571428716182709,0.8407456539223519,10
Hurink_edata,la27.fjs,R4_survival_hv,0.9038499887150538,2642.3453095762407,127183.8606389109,75.99999999999909,15.0,128.79208087921143,70.0,2.0,0.30714286863803864,0.8383172148696636,10
Hurink_edata,la27.fjs,R5_composite,0.8926344855772946,2647.202239893363,127509.36290771916,75.99999999999909,14.0,133.6129525899887,70.0,2.0,0.3000000119209289,0.7916075869136934,10
Hurink_edata,la27.fjs,R6_adaptive_weight,0.9027123757258158,2638.4681448717884,127324.37402211715,74.9999999999992,15.0,138.61140775680542,70.0,2.0,0.2928571552038193,0.8353794667124717,10
Hurink_edata,la28.fjs,R1_survival_only,1.0392929033379872,2578.325798736272,106880.42434193112,79.99999999999943,18.0,134.27866554260254,70.0,2.0,0.304411768913269,0.7976035887789663,10
Hurink_edata,la28.fjs,R2_hv_only,1.0254500982189512,2586.4566290841435,107021.4160678485,85.99999999999932,14.0,137.6744965314865,66.5,2.5,0.3068627566099167,0.8350645593847754,10
Hurink_edata,la28.fjs,R3_cmax_only,1.0478540793475748,2581.6664512088655,107057.71236973448,79.99999999999943,15.5,136.21462774276733,70.0,2.0,0.27142858505249023,0.8548718397545705,10
Hurink_edata,la28.fjs,R4_survival_hv,1.023492226508755,2592.4033531977557,107259.33187979771,78.49999999999932,19.0,132.71330785751343,70.0,2.0,0.2857142984867096,0.8662340288297238,10
Hurink_edata,la28.fjs,R5_composite,1.0251380290056775,2593.311441160902,106800.96005495879,78.49999999999943,21.5,139.1598777770996,70.0,2.0,0.2857142984867096,0.8634906824493391,10
Hurink_edata,la28.fjs,R6_adaptive_weight,1.0186168539268807,2612.879071876063,107261.10753699005,79.99999999999955,18.5,134.20835518836975,70.0,2.0,0.3000000119209289,0.830449934725749,10
Hurink_edata,la29.fjs,R1_survival_only,0.91477746502274,2301.973108535374,105262.77932589636,97.99999999999932,15.0,133.58453178405762,70.0,2.0,0.321428582072258,0.7788627782877213,10
Hurink_edata,la29.fjs,R2_hv_only,0.9758482140112905,2281.147475931658,104429.03214886892,97.99999999999943,17.5,134.1752132177353,63.5,3.0,0.3022836595773697,0.8578095879117625,10
Hurink_edata,la29.fjs,R3_cmax_only,0.8989930674876,2288.1554037997694,105070.57960098352,97.99999999999932,15.5,134.09619998931885,70.0,2.0,0.26289980113506317,0.8267606240177031,10
Hurink_edata,la29.fjs,R4_survival_hv,0.9136838120282154,2315.5586072487204,104948.55797636171,97.99999999999932,13.5,134.66106736660004,70.0,2.0,0.2928571552038193,0.84843918266614,10
Hurink_edata,la29.fjs,R5_composite,0.8942065032972439,2312.482055110131,105338.44221648369,99.49999999999932,16.0,139.70686554908752,65.5,2.5,0.32182915508747095,0.8203279669292726,10
Hurink_edata,la29.fjs,R6_adaptive_weight,0.9720924226743609,2277.796628525756,105099.81210711799,99.49999999999926,11.5,133.649933218956,69.5,2.0,0.2928571552038193,0.802533120765689,10
Hurink_edata,la30.fjs,R1_survival_only,0.9764650202600643,2784.4151119664093,118851.89729664716,134.99999999999966,18.5,140.07593023777008,70.0,2.0,0.3000000119209289,0.78748162098249,10
Hurink_edata,la30.fjs,R2_hv_only,0.9138916017563827,2812.659514023734,118918.42787594296,137.99999999999937,13.5,134.35331547260284,67.0,2.5,0.31752021610736847,0.7458220305641312,10
Hurink_edata,la30.fjs,R3_cmax_only,0.9377521481796905,2805.906149655798,119288.29241513228,136.49999999999966,21.0,130.22640132904053,70.0,2.0,0.2571428716182709,0.8323212130043907,10
Hurink_edata,la30.fjs,R4_survival_hv,0.9571114011734706,2839.5675355333137,119425.16622682806,134.99999999999972,12.5,134.47344362735748,70.0,2.0,0.2949275374412536,0.8269550257945105,10
Hurink_edata,la30.fjs,R5_composite,0.894031341489136,2793.5144647967945,119379.78619657544,134.99999999999972,16.0,141.15446853637695,70.0,2.0,0.2984375059604645,0.8346279041616178,10
Hurink_edata,la30.fjs,R6_adaptive_weight,0.9569372303809514,2867.8987026362124,120225.61618707815,134.99999999999943,16.5,132.74061524868011,70.0,2.0,0.2928571552038193,0.802533120765689,10
Hurink_edata,la31.fjs,R1_survival_only,1.0325334696673516,3520.4095668638583,155773.1716072001,72.99999999999955,17.0,187.07395601272583,70.0,2.0,0.3142857253551483,0.8444349646303979,10
Hurink_edata,la31.fjs,R2_hv_only,0.9652199382626456,3585.3951413032846,156814.6538554881,67.99999999999909,14.5,187.8689569234848,70.0,2.0,0.2785714417695999,0.8511825290465246,10
Hurink_edata,la31.fjs,R3_cmax_only,1.0676821361458808,3530.0922063011,155626.96994986726,67.99999999999955,15.5,183.52082920074463,70.0,2.0,0.2785714417695999,0.8756044340753462,10
Hurink_edata,la31.fjs,R4_survival_hv,1.0709382094545443,3507.357005051158,154960.86392377148,66.99999999999909,19.0,186.29311931133273,70.0,2.0,0.2857142984867096,0.8439983094072402,10
Hurink_edata,la31.fjs,R5_composite,1.0126702972113053,3562.7413039183875,156254.13888579037,67.49999999999932,20.0,183.11555755138397,70.0,2.0,0.2785714417695999,0.8561120610332473,10
Hurink_edata,la31.fjs,R6_adaptive_weight,1.0809097993582262,3546.9689806965316,155542.98395907145,66.9999999999992,19.5,189.44458663463593,70.0,2.0,0.2857142984867096,0.8447498719580941,10
Hurink_edata,la32.fjs,R1_survival_only,0.8592729305072742,3802.311196354617,176864.09347853914,72.99999999999932,15.0,182.9764004945755,70.0,2.0,0.2857142984867096,0.8180212757720455,10
Hurink_edata,la32.fjs,R2_hv_only,0.9011568438721739,3768.112601630559,176521.52052866365,74.00000000000011,11.5,191.50006091594696,70.0,2.0,0.259109728038311,0.864242245000193,10
Hurink_edata,la32.fjs,R3_cmax_only,0.7988352410345919,3780.579718671447,177435.3407199177,72.99999999999898,15.0,193.42292094230652,70.0,2.0,0.2857142984867096,0.8805339660620689,10
Hurink_edata,la32.fjs,R4_survival_hv,0.9543548924308825,3736.064505074124,175360.9663452124,66.99999999999966,18.5,193.7770837545395,70.0,2.0,0.2857142984867096,0.8541202772037166,10
Hurink_edata,la32.fjs,R5_composite,0.990158141272267,3717.7691915425366,175699.113049508,71.99999999999898,13.5,189.04027140140533,70.0,2.0,0.2967033088207245,0.8023387189888815,10
Hurink_edata,la32.fjs,R6_adaptive_weight,0.8170013354236394,3748.019877813365,176749.05546515304,70.99999999999886,17.0,191.4180361032486,70.0,2.0,0.30714286863803864,0.7541259659312034,10
Hurink_edata,la33.fjs,R1_survival_only,1.1194422352962072,3225.861320527204,149774.38735436066,90.99999999999932,13.5,190.17574977874756,70.0,2.0,0.3000000119209289,0.7925329008646738,10
Hurink_edata,la33.fjs,R2_hv_only,1.0243692668173572,3313.3225543373055,151248.22351296086,90.99999999999932,11.0,179.69743287563324,70.0,2.0,0.2857142984867096,0.864242245000193,10
Hurink_edata,la33.fjs,R3_cmax_only,1.018722702432464,3293.485024907085,151409.0889557867,90.99999999999956,12.5,178.65974128246307,70.0,2.0,0.2571428716182709,0.8691717769869157,10
Hurink_edata,la33.fjs,R4_survival_hv,1.0129180966612767,3298.4288497658504,151241.60663103222,90.99999999999943,11.0,186.71704185009003,70.0,2.0,0.2928571552038193,0.8777906196816843,10
Hurink_edata,la33.fjs,R5_composite,1.0166188266439367,3315.029199856641,151161.29190252227,90.99999999999956,14.0,190.6779272556305,70.0,2.0,0.2714285850524902,0.8436834020795438,10
Hurink_edata,la33.fjs,R6_adaptive_weight,1.012793428480179,3318.6172300084086,151245.07423757348,90.99999999999932,14.5,185.9478371143341,70.0,2.0,0.2785714417695999,0.8511825290465247,10
Hurink_edata,la34.fjs,R1_survival_only,0.917613424066188,3500.7218252779176,156986.2738813322,406.99999999999875,14.5,185.90402340888977,70.0,2.0,0.321428582072258,0.7962222115727198,10
Hurink_edata,la34.fjs,R2_hv_only,0.9840217371388447,3478.5688277607164,156472.51088297702,400.99999999999864,13.5,183.3377515077591,70.0,2.0,0.2547619119286537,0.8438039076304329,10
Hurink_edata,la34.fjs,R3_cmax_only,0.9155110933592139,3540.2700557066983,156533.52162327804,406.999999999999,17.0,185.33529734611514,68.5,2.0,0.2700426578521728,0.8561120610332473,10
Hurink_edata,la34.fjs,R4_survival_hv,0.9458561078186358,3499.904841857692,157083.25651912304,406.99999999999886,12.5,184.45133900642395,70.0,2.0,0.2928571552038193,0.8410605612500482,10
Hurink_edata,la34.fjs,R5_composite,0.9919653874973147,3469.395901075327,156172.96266891446,406.999999999999,13.0,179.73160326480865,70.0,2.0,0.28053830564022064,0.8590498091904393,10
Hurink_edata,la34.fjs,R6_adaptive_weight,0.9541046114567833,3467.50744605633,156574.9954045847,406.99999999999886,12.5,188.6603969335556,70.0,2.0,0.31400561332702637,0.8249425915882989,10
Hurink_edata,la35.fjs,R1_survival_only,0.9715161502479878,3688.7945072734046,167877.75834974082,430.99999999999886,19.5,194.60333168506622,70.0,2.0,0.3128805607557297,0.7992804652808005,10
Hurink_edata,la35.fjs,R2_hv_only,0.8352349595735344,3758.3199666385885,168897.72377304465,430.99999999999886,15.0,188.83944499492645,70.0,2.0,0.2857142984867096,0.8662340288297237,10
Hurink_edata,la35.fjs,R3_cmax_only,0.9442822191822209,3715.181443931199,168164.53141850606,430.99999999999886,15.0,181.32719588279724,66.5,2.5,0.2728110700845718,0.8346279041616177,10
Hurink_edata,la35.fjs,R4_survival_hv,0.9127831451352401,3757.6138206676446,167614.02836971247,430.99999999999886,14.0,180.5223515033722,70.0,2.0,0.2857142984867096,0.8427580881285635,10
Hurink_edata,la35.fjs,R5_composite,1.0084141145834047,3718.4468694078178,167604.73663734342,430.99999999999875,14.0,189.6485024690628,70.0,2.0,0.2611408233642578,0.823702370309622,10
Hurink_edata,la35.fjs,R6_adaptive_weight,1.0487132589194696,3657.599844124121,167081.7386776607,430.99999999999886,16.5,185.12612533569336,67.0,2.5,0.2928571552038193,0.8212739312569339,10
Hurink_edata,la36.fjs,R1_survival_only,1.0108256165669078,3033.2189527429164,165681.1697869646,170.9999999999995,11.0,148.01401138305664,70.0,2.0,0.2951612919569015,0.802533120765689,10
Hurink_edata,la36.fjs,R2_hv_only,1.0682573939385756,2985.1225330368457,164427.69708110468,170.99999999999943,9.0,144.9609180688858,70.0,2.0,0.2714285850524902,0.8741013089736384,10
Hurink_edata,la36.fjs,R3_cmax_only,1.0414876309878822,3024.7382647829245,164309.99007030722,170.99999999999943,12.0,150.76541769504547,64.0,3.0,0.3125,0.8533687146528627,10
Hurink_edata,la36.fjs,R4_survival_hv,1.0587891392947926,2982.941686885964,164631.71977008018,170.9999999999995,11.0,139.30783438682556,69.0,2.0,0.28985506296157837,0.8390687774205177,10
Hurink_edata,la36.fjs,R5_composite,1.066249320991913,2993.524514708438,164495.1212389965,170.9999999999995,10.5,148.74722170829773,67.0,2.5,0.29380054771900177,0.8439983094072402,10
Hurink_edata,la36.fjs,R6_adaptive_weight,1.1254222236988802,2958.420514471196,162911.7581390221,170.9999999999995,10.0,143.78194165229797,70.0,2.0,0.2995735704898834,0.8075844006478728,10
Hurink_edata,la37.fjs,R1_survival_only,1.1483436335021096,3183.2634763028714,163737.5818183662,213.99999999999937,9.0,148.16283428668976,55.5,3.0,0.35857143998146057,0.7824109330681974,10
Hurink_edata,la37.fjs,R2_hv_only,1.1344038748113543,3192.725569880846,164226.6566787236,213.9999999999993,10.0,147.66736841201782,70.0,2.0,0.2785714417695999,0.8849748393209687,10
Hurink_edata,la37.fjs,R3_cmax_only,1.1095425562101209,3195.9733091455205,165028.5075251576,213.9999999999993,13.0,146.15312325954437,67.5,2.5,0.28087557852268213,0.8383172148696636,10
Hurink_edata,la37.fjs,R4_survival_hv,1.1271162860048487,3185.8767289474454,164401.77358566027,213.99999999999943,9.0,136.5635725259781,70.0,2.0,0.2849680185317993,0.831884557781233,10
Hurink_edata,la37.fjs,R5_composite,1.0917147562427814,3226.0212102236155,165432.3361956178,213.99999999999937,13.0,138.79232668876648,62.0,3.0,0.3017857223749161,0.7939142780709203,10
Hurink_edata,la37.fjs,R6_adaptive_weight,1.1110838558368692,3215.6537148065436,164472.48244242632,213.99999999999937,11.0,152.07125914096832,70.0,2.0,0.3184331804513931,0.8323212130043907,10
Hurink_edata,la38.fjs,R1_survival_only,1.0731208916480808,2891.4130178828555,145534.36734456348,217.99999999999943,9.5,143.2969113588333,60.5,2.5,0.3285714387893677,0.8262034632436566,10
Hurink_edata,la38.fjs,R2_hv_only,1.0590074208578097,2918.1085030093996,145605.47523372906,217.9999999999997,11.5,145.6357078552246,63.0,3.0,0.3330034613609314,0.8383172148696636,10
Hurink_edata,la38.fjs,R3_cmax_only,1.134982803898323,2854.1519244035653,145316.79517924174,217.99999999999957,9.5,145.02898108959198,69.5,2.0,0.2664835304021835,0.8361310292633256,10
Hurink_edata,la38.fjs,R4_survival_hv,1.0292752515017876,2942.468132711032,146516.46718661246,217.99999999999957,8.5,147.8949497938156,70.0,2.0,0.30714286863803864,0.8203279669292726,10
Hurink_edata,la38.fjs,R5_composite,1.020623657923362,2955.5760435624748,146950.26177286534,217.99999999999963,13.0,150.498677611351,69.0,2.0,0.2785714417695999,0.7822371816680709,10
Hurink_edata,la38.fjs,R6_adaptive_weight,0.9687521050502853,2996.4768478644296,147409.3629136301,221.99999999999937,9.0,144.03294682502747,70.0,2.0,0.2928571552038193,0.8143319650639996,10
Hurink_edata,la39.fjs,R1_survival_only,1.0904533532851017,2971.2683769140463,148973.9151010819,459.9999999999992,12.5,142.5019646883011,61.0,3.0,0.3253026753664017,0.7961004636772586,10
Hurink_edata,la39.fjs,R2_hv_only,1.123111415424602,2945.423555465409,147830.69421405176,459.9999999999992,14.0,143.48029232025146,63.5,3.0,0.2946428656578064,0.8277065883453645,10
Hurink_edata,la39.fjs,R3_cmax_only,1.1009204332616491,2942.5916492175393,148653.67011689048,459.99999999999903,14.5,145.26547014713287,53.0,3.0,0.3047619163990021,0.7992804652808005,10
Hurink_edata,la39.fjs,R4_survival_hv,1.1067960467804983,2930.554649522854,148701.78108871594,459.9999999999992,17.0,145.13190627098083,63.5,3.0,0.2781674265861511,0.8022182134379926,10
Hurink_edata,la39.fjs,R5_composite,1.0967422304787253,2956.5949638838392,148304.25983714525,459.9999999999992,13.0,147.22227871418,58.5,3.0,0.31618936359882355,0.7995953726084969,10
Hurink_edata,la39.fjs,R6_adaptive_weight,1.0798209093231388,2960.4820350625437,149616.12707342266,459.99999999999915,13.5,130.9865357875824,39.5,4.0,0.3458471745252609,0.8711635608164463,10
Hurink_edata,la40.fjs,R1_survival_only,1.1027100876319662,2853.092977878934,151934.0630226232,321.99999999999943,9.5,148.01103687286377,61.5,3.0,0.3145502656698227,0.8568636235841012,10
Hurink_edata,la40.fjs,R2_hv_only,1.0816487114530888,2864.254624626105,152748.39757350323,321.99999999999943,12.0,146.32063674926758,65.0,2.5,0.30387410521507263,0.8792937447833921,10
Hurink_edata,la40.fjs,R3_cmax_only,1.110509493897114,2839.8922048247405,151974.52541956707,321.9999999999993,11.5,144.41531932353973,66.0,2.5,0.28101022541522974,0.8484391826661399,10
Hurink_edata,la40.fjs,R4_survival_hv,1.1115564536844689,2842.4513854904444,151655.39624308492,321.99999999999943,13.0,140.81120491027832,70.0,2.0,0.30714286863803864,0.833387682882941,10
Hurink_edata,la40.fjs,R5_composite,1.133614580809579,2825.3686942878867,151831.07286575658,321.99999999999943,14.5,144.11405980587006,69.0,2.0,0.2857142984867096,0.8240172776373185,10
Hurink_edata,la40.fjs,R6_adaptive_weight,1.116430575164776,2841.5571876834306,151799.54274878302,321.9999999999995,19.0,144.68459153175354,70.0,2.0,0.2761427015066147,0.8060280296969273,10
