Fold,dataset,instance,ScratchNoBC_R16,UCBOnly,XPrePPO_Frozen,XPrePPO_Online_R16,delta,family,contrast,metric,Budget
1,Brandimarte,Mk04.fjs,0.9254864763473991,0.9087059167907989,0.9511220660944404,0.9346747992368876,0.025968882446088637,primary_g100,online_minus_ucb_g100,HV_fixed,100
1,Brandimarte,Mk10.fjs,0.7861516690899393,0.8236033045927079,0.7818754748256209,0.7818754748256209,-0.041727829767087,primary_g100,online_minus_ucb_g100,HV_fixed,100
1,Hurink_edata,la05.fjs,1.1348222782255526,1.1295929376394522,1.0486386618953494,1.0547794568580724,-0.07481348078137984,primary_g100,online_minus_ucb_g100,HV_fixed,100
1,Hurink_edata,la10.fjs,0.9790249433994269,0.9889637786361607,0.8992217821950823,0.9305478915515071,-0.05841588708465362,primary_g100,online_minus_ucb_g100,HV_fixed,100
1,Hurink_edata,la15.fjs,1.0768762585354903,1.0772907742433395,1.0144643024307722,1.0144643024307722,-0.06282647181256729,primary_g100,online_minus_ucb_g100,HV_fixed,100
1,Hurink_edata,la16.fjs,1.1067478412624496,1.1189414332830174,1.0095558009638088,1.0095558009638088,-0.10938563231920861,primary_g100,online_minus_ucb_g100,HV_fixed,100
1,Hurink_edata,la24.fjs,1.0927822707987527,1.1478926021452311,1.0315197491042127,1.0364354041852468,-0.11145719795998432,primary_g100,online_minus_ucb_g100,HV_fixed,100
1,Hurink_edata,la26.fjs,1.162460038471763,1.165498441681752,1.0941741662681377,1.0941741662681377,-0.0713242754136143,primary_g100,online_minus_ucb_g100,HV_fixed,100
1,Hurink_edata,la34.fjs,0.9612249170639813,0.9946229663037907,0.9718090843314013,0.9718090843314013,-0.022813881972389316,primary_g100,online_minus_ucb_g100,HV_fixed,100
1,Hurink_edata,la37.fjs,1.0369886065687552,1.0647579682806545,0.9670266584625429,0.9539529356383383,-0.11080503264231623,primary_g100,online_minus_ucb_g100,HV_fixed,100
2,Brandimarte,Mk02.fjs,1.0001211460812893,0.994793374475561,0.979014726058089,0.9788367523009628,-0.015956622174598256,primary_g100,online_minus_ucb_g100,HV_fixed,100
2,Brandimarte,Mk03.fjs,0.9193127904081844,0.9126456936417624,1.024268956397789,1.02381281650888,0.11116712286711761,primary_g100,online_minus_ucb_g100,HV_fixed,100
2,Hurink_edata,la03.fjs,1.1519722197843834,1.144206327552789,1.0383626762961975,1.0383626762961975,-0.10584365125659145,primary_g100,online_minus_ucb_g100,HV_fixed,100
2,Hurink_edata,la07.fjs,1.194497932137777,1.1867213471927665,1.1200748917037981,1.1200748917037981,-0.0666464554889683,primary_g100,online_minus_ucb_g100,HV_fixed,100
2,Hurink_edata,la13.fjs,1.1059583987050745,1.0922823309842635,1.0111521198486346,1.0111521198486346,-0.0811302111356289,primary_g100,online_minus_ucb_g100,HV_fixed,100
2,Hurink_edata,la19.fjs,1.0820937778392699,1.0716234056896072,0.9946922494336683,0.9946922494336683,-0.07693115625593894,primary_g100,online_minus_ucb_g100,HV_fixed,100
2,Hurink_edata,la23.fjs,1.170776473305398,1.1777180107730523,1.061358794728949,1.061358794728949,-0.11635921604410338,primary_g100,online_minus_ucb_g100,HV_fixed,100
2,Hurink_edata,la27.fjs,0.9550805010851406,0.9330302219491307,0.775479193605517,0.7763315567230238,-0.15669866522610687,primary_g100,online_minus_ucb_g100,HV_fixed,100
2,Hurink_edata,la31.fjs,1.0379106461367706,1.0352962138467987,0.904499448254225,0.904499448254225,-0.1307967655925737,primary_g100,online_minus_ucb_g100,HV_fixed,100
2,Hurink_edata,la36.fjs,1.1169903705475113,1.1166702174044945,0.958367593050185,0.958367593050185,-0.15830262435430942,primary_g100,online_minus_ucb_g100,HV_fixed,100
3,Brandimarte,Mk06.fjs,0.8305589087253735,0.8356417493585069,0.9061687750386804,0.9097018493817322,0.07406010002322527,primary_g100,online_minus_ucb_g100,HV_fixed,100
3,Brandimarte,Mk07.fjs,1.1065823751210035,1.1043003953250148,1.1128605862798358,1.116720668584755,0.012420273259740267,primary_g100,online_minus_ucb_g100,HV_fixed,100
3,Hurink_edata,la04.fjs,1.0772241821317843,1.079370304779069,0.9553716435952888,0.9553716435952888,-0.12399866118378022,primary_g100,online_minus_ucb_g100,HV_fixed,100
3,Hurink_edata,la09.fjs,1.1502018876500553,1.148428664022442,1.0322456858734288,1.033415542799454,-0.1150131212229879,primary_g100,online_minus_ucb_g100,HV_fixed,100
3,Hurink_edata,la12.fjs,1.171544173402157,1.1731057917371288,1.1014410837737607,1.1013180424089968,-0.07178774932813203,primary_g100,online_minus_ucb_g100,HV_fixed,100
3,Hurink_edata,la17.fjs,1.1362932207817247,1.1293356269146702,1.0269745140491726,1.0334963959249293,-0.0958392309897409,primary_g100,online_minus_ucb_g100,HV_fixed,100
3,Hurink_edata,la25.fjs,0.943170469808549,0.9710639526319277,0.8705381804462142,0.8827568613493032,-0.08830709128262448,primary_g100,online_minus_ucb_g100,HV_fixed,100
3,Hurink_edata,la28.fjs,0.9417781408119974,0.9710780262384247,0.8532867318301575,0.8532867318301575,-0.11779129440826719,primary_g100,online_minus_ucb_g100,HV_fixed,100
3,Hurink_edata,la35.fjs,0.9927137587015056,0.9667393528775139,0.8886041994973148,0.8763912294789669,-0.09034812339854703,primary_g100,online_minus_ucb_g100,HV_fixed,100
3,Hurink_edata,la39.fjs,1.0695985420372964,1.0873743554083402,0.9687514719182013,0.9697226815827286,-0.11765167382561159,primary_g100,online_minus_ucb_g100,HV_fixed,100
4,Brandimarte,Mk01.fjs,0.9460723372107689,0.968202575808867,0.9626648462345374,0.9626648462345374,-0.005537729574329631,primary_g100,online_minus_ucb_g100,HV_fixed,100
4,Brandimarte,Mk08.fjs,1.0700553084950437,1.0226494337641172,0.9107335620142064,0.9213775787865197,-0.1012718549775975,primary_g100,online_minus_ucb_g100,HV_fixed,100
4,Hurink_edata,la01.fjs,1.103429538491056,1.0984086620959754,0.9392514521660186,0.9292997270102143,-0.16910893508576108,primary_g100,online_minus_ucb_g100,HV_fixed,100
4,Hurink_edata,la06.fjs,1.2410483558305816,1.2443120470731257,1.1593524508195423,1.1562489937708234,-0.08806305330230235,primary_g100,online_minus_ucb_g100,HV_fixed,100
4,Hurink_edata,la11.fjs,1.1299292450813017,1.1350029534277735,1.019503991452524,1.0258831449862114,-0.1091198084415621,primary_g100,online_minus_ucb_g100,HV_fixed,100
4,Hurink_edata,la18.fjs,1.101108101735862,1.0902343521180342,1.0021821829369413,0.9984591894831777,-0.09177516263485652,primary_g100,online_minus_ucb_g100,HV_fixed,100
4,Hurink_edata,la22.fjs,0.9456281453569175,0.9706295046281814,0.8915890692413546,0.90625886608666,-0.06437063854152147,primary_g100,online_minus_ucb_g100,HV_fixed,100
4,Hurink_edata,la29.fjs,0.839656210993977,0.9088512216407327,0.6755417193547882,0.6843592453353486,-0.2244919763053841,primary_g100,online_minus_ucb_g100,HV_fixed,100
4,Hurink_edata,la32.fjs,1.004806157389826,1.08054338784381,0.873972036454048,0.8668963809289956,-0.21364700691481442,primary_g100,online_minus_ucb_g100,HV_fixed,100
4,Hurink_edata,la40.fjs,1.178215356000847,1.2054084513765657,1.0768083006965505,1.0751445491747313,-0.13026390220183437,primary_g100,online_minus_ucb_g100,HV_fixed,100
5,Brandimarte,Mk05.fjs,0.9469992637588098,0.9907271256106549,1.001498893860512,1.0021913245882064,0.011464198977551465,primary_g100,online_minus_ucb_g100,HV_fixed,100
5,Brandimarte,Mk09.fjs,0.9811259894886675,0.9653490100834042,1.0509562052332027,1.0487556130838676,0.08340660300046332,primary_g100,online_minus_ucb_g100,HV_fixed,100
5,Hurink_edata,la02.fjs,1.051830760377045,1.0504967846302835,0.9921462564544381,0.9816888429966912,-0.06880794163359227,primary_g100,online_minus_ucb_g100,HV_fixed,100
5,Hurink_edata,la08.fjs,1.2040193264124532,1.2128986426954098,1.14934144496787,1.14934144496787,-0.06355719772753976,primary_g100,online_minus_ucb_g100,HV_fixed,100
5,Hurink_edata,la14.fjs,1.1002237894220341,1.0932323450329242,1.0507098294457777,1.0507098294457777,-0.04252251558714648,primary_g100,online_minus_ucb_g100,HV_fixed,100
5,Hurink_edata,la20.fjs,1.112461978720731,1.1033070124645474,1.0139214461806874,1.0139214461806874,-0.08938556628386007,primary_g100,online_minus_ucb_g100,HV_fixed,100
5,Hurink_edata,la21.fjs,0.9362432606549902,0.9797481049956012,0.8903830495780379,0.8903829888563,-0.0893651161393012,primary_g100,online_minus_ucb_g100,HV_fixed,100
5,Hurink_edata,la30.fjs,0.9269815088201991,1.0099199545426618,0.8164202631544321,0.8137169393924304,-0.19620301515023142,primary_g100,online_minus_ucb_g100,HV_fixed,100
5,Hurink_edata,la33.fjs,1.0306546283316542,1.023382222274421,0.9499036125723861,0.9499036125723861,-0.07347860970203501,primary_g100,online_minus_ucb_g100,HV_fixed,100
5,Hurink_edata,la38.fjs,1.0937120273886785,1.0781256377032045,0.9874049212700673,0.9874049212700673,-0.09072071643313717,primary_g100,online_minus_ucb_g100,HV_fixed,100
1,Brandimarte,Mk04.fjs,0.9254864763473991,0.9087059167907989,0.9511220660944404,0.9346747992368876,0.009188322889488454,primary_g100,online_minus_scratch_g100,HV_fixed,100
1,Brandimarte,Mk10.fjs,0.7861516690899393,0.8236033045927079,0.7818754748256209,0.7818754748256209,-0.004276194264318356,primary_g100,online_minus_scratch_g100,HV_fixed,100
1,Hurink_edata,la05.fjs,1.1348222782255526,1.1295929376394522,1.0486386618953494,1.0547794568580724,-0.0800428213674802,primary_g100,online_minus_scratch_g100,HV_fixed,100
1,Hurink_edata,la10.fjs,0.9790249433994269,0.9889637786361607,0.8992217821950823,0.9305478915515071,-0.04847705184791984,primary_g100,online_minus_scratch_g100,HV_fixed,100
1,Hurink_edata,la15.fjs,1.0768762585354903,1.0772907742433395,1.0144643024307722,1.0144643024307722,-0.06241195610471806,primary_g100,online_minus_scratch_g100,HV_fixed,100
1,Hurink_edata,la16.fjs,1.1067478412624496,1.1189414332830174,1.0095558009638088,1.0095558009638088,-0.09719204029864081,primary_g100,online_minus_scratch_g100,HV_fixed,100
1,Hurink_edata,la24.fjs,1.0927822707987527,1.1478926021452311,1.0315197491042127,1.0364354041852468,-0.05634686661350585,primary_g100,online_minus_scratch_g100,HV_fixed,100
1,Hurink_edata,la26.fjs,1.162460038471763,1.165498441681752,1.0941741662681377,1.0941741662681377,-0.06828587220362525,primary_g100,online_minus_scratch_g100,HV_fixed,100
1,Hurink_edata,la34.fjs,0.9612249170639813,0.9946229663037907,0.9718090843314013,0.9718090843314013,0.010584167267420064,primary_g100,online_minus_scratch_g100,HV_fixed,100
1,Hurink_edata,la37.fjs,1.0369886065687552,1.0647579682806545,0.9670266584625429,0.9539529356383383,-0.08303567093041697,primary_g100,online_minus_scratch_g100,HV_fixed,100
2,Brandimarte,Mk02.fjs,1.0001211460812893,0.994793374475561,0.979014726058089,0.9788367523009628,-0.021284393780326538,primary_g100,online_minus_scratch_g100,HV_fixed,100
2,Brandimarte,Mk03.fjs,0.9193127904081844,0.9126456936417624,1.024268956397789,1.02381281650888,0.10450002610069564,primary_g100,online_minus_scratch_g100,HV_fixed,100
2,Hurink_edata,la03.fjs,1.1519722197843834,1.144206327552789,1.0383626762961975,1.0383626762961975,-0.11360954348818586,primary_g100,online_minus_scratch_g100,HV_fixed,100
2,Hurink_edata,la07.fjs,1.194497932137777,1.1867213471927665,1.1200748917037981,1.1200748917037981,-0.07442304043397896,primary_g100,online_minus_scratch_g100,HV_fixed,100
2,Hurink_edata,la13.fjs,1.1059583987050745,1.0922823309842635,1.0111521198486346,1.0111521198486346,-0.09480627885643989,primary_g100,online_minus_scratch_g100,HV_fixed,100
2,Hurink_edata,la19.fjs,1.0820937778392699,1.0716234056896072,0.9946922494336683,0.9946922494336683,-0.08740152840560156,primary_g100,online_minus_scratch_g100,HV_fixed,100
2,Hurink_edata,la23.fjs,1.170776473305398,1.1777180107730523,1.061358794728949,1.061358794728949,-0.10941767857644913,primary_g100,online_minus_scratch_g100,HV_fixed,100
2,Hurink_edata,la27.fjs,0.9550805010851406,0.9330302219491307,0.775479193605517,0.7763315567230238,-0.17874894436211686,primary_g100,online_minus_scratch_g100,HV_fixed,100
2,Hurink_edata,la31.fjs,1.0379106461367706,1.0352962138467987,0.904499448254225,0.904499448254225,-0.13341119788254563,primary_g100,online_minus_scratch_g100,HV_fixed,100
2,Hurink_edata,la36.fjs,1.1169903705475113,1.1166702174044945,0.958367593050185,0.958367593050185,-0.15862277749732623,primary_g100,online_minus_scratch_g100,HV_fixed,100
3,Brandimarte,Mk06.fjs,0.8305589087253735,0.8356417493585069,0.9061687750386804,0.9097018493817322,0.07914294065635863,primary_g100,online_minus_scratch_g100,HV_fixed,100
3,Brandimarte,Mk07.fjs,1.1065823751210035,1.1043003953250148,1.1128605862798358,1.116720668584755,0.010138293463751502,primary_g100,online_minus_scratch_g100,HV_fixed,100
3,Hurink_edata,la04.fjs,1.0772241821317843,1.079370304779069,0.9553716435952888,0.9553716435952888,-0.12185253853649547,primary_g100,online_minus_scratch_g100,HV_fixed,100
3,Hurink_edata,la09.fjs,1.1502018876500553,1.148428664022442,1.0322456858734288,1.033415542799454,-0.11678634485060124,primary_g100,online_minus_scratch_g100,HV_fixed,100
3,Hurink_edata,la12.fjs,1.171544173402157,1.1731057917371288,1.1014410837737607,1.1013180424089968,-0.07022613099316022,primary_g100,online_minus_scratch_g100,HV_fixed,100
3,Hurink_edata,la17.fjs,1.1362932207817247,1.1293356269146702,1.0269745140491726,1.0334963959249293,-0.10279682485679542,primary_g100,online_minus_scratch_g100,HV_fixed,100
3,Hurink_edata,la25.fjs,0.943170469808549,0.9710639526319277,0.8705381804462142,0.8827568613493032,-0.060413608459245816,primary_g100,online_minus_scratch_g100,HV_fixed,100
3,Hurink_edata,la28.fjs,0.9417781408119974,0.9710780262384247,0.8532867318301575,0.8532867318301575,-0.08849140898183994,primary_g100,online_minus_scratch_g100,HV_fixed,100
3,Hurink_edata,la35.fjs,0.9927137587015056,0.9667393528775139,0.8886041994973148,0.8763912294789669,-0.11632252922253872,primary_g100,online_minus_scratch_g100,HV_fixed,100
3,Hurink_edata,la39.fjs,1.0695985420372964,1.0873743554083402,0.9687514719182013,0.9697226815827286,-0.09987586045456787,primary_g100,online_minus_scratch_g100,HV_fixed,100
4,Brandimarte,Mk01.fjs,0.9460723372107689,0.968202575808867,0.9626648462345374,0.9626648462345374,0.01659250902376852,primary_g100,online_minus_scratch_g100,HV_fixed,100
4,Brandimarte,Mk08.fjs,1.0700553084950437,1.0226494337641172,0.9107335620142064,0.9213775787865197,-0.148677729708524,primary_g100,online_minus_scratch_g100,HV_fixed,100
4,Hurink_edata,la01.fjs,1.103429538491056,1.0984086620959754,0.9392514521660186,0.9292997270102143,-0.1741298114808416,primary_g100,online_minus_scratch_g100,HV_fixed,100
4,Hurink_edata,la06.fjs,1.2410483558305816,1.2443120470731257,1.1593524508195423,1.1562489937708234,-0.08479936205975824,primary_g100,online_minus_scratch_g100,HV_fixed,100
4,Hurink_edata,la11.fjs,1.1299292450813017,1.1350029534277735,1.019503991452524,1.0258831449862114,-0.1040461000950903,primary_g100,online_minus_scratch_g100,HV_fixed,100
4,Hurink_edata,la18.fjs,1.101108101735862,1.0902343521180342,1.0021821829369413,0.9984591894831777,-0.10264891225268424,primary_g100,online_minus_scratch_g100,HV_fixed,100
4,Hurink_edata,la22.fjs,0.9456281453569175,0.9706295046281814,0.8915890692413546,0.90625886608666,-0.03936927927025757,primary_g100,online_minus_scratch_g100,HV_fixed,100
4,Hurink_edata,la29.fjs,0.839656210993977,0.9088512216407327,0.6755417193547882,0.6843592453353486,-0.15529696565862838,primary_g100,online_minus_scratch_g100,HV_fixed,100
4,Hurink_edata,la32.fjs,1.004806157389826,1.08054338784381,0.873972036454048,0.8668963809289956,-0.13790977646083036,primary_g100,online_minus_scratch_g100,HV_fixed,100
4,Hurink_edata,la40.fjs,1.178215356000847,1.2054084513765657,1.0768083006965505,1.0751445491747313,-0.10307080682611569,primary_g100,online_minus_scratch_g100,HV_fixed,100
5,Brandimarte,Mk05.fjs,0.9469992637588098,0.9907271256106549,1.001498893860512,1.0021913245882064,0.05519206082939654,primary_g100,online_minus_scratch_g100,HV_fixed,100
5,Brandimarte,Mk09.fjs,0.9811259894886675,0.9653490100834042,1.0509562052332027,1.0487556130838676,0.06762962359520008,primary_g100,online_minus_scratch_g100,HV_fixed,100
5,Hurink_edata,la02.fjs,1.051830760377045,1.0504967846302835,0.9921462564544381,0.9816888429966912,-0.07014191738035369,primary_g100,online_minus_scratch_g100,HV_fixed,100
5,Hurink_edata,la08.fjs,1.2040193264124532,1.2128986426954098,1.14934144496787,1.14934144496787,-0.05467788144458319,primary_g100,online_minus_scratch_g100,HV_fixed,100
5,Hurink_edata,la14.fjs,1.1002237894220341,1.0932323450329242,1.0507098294457777,1.0507098294457777,-0.049513959976256405,primary_g100,online_minus_scratch_g100,HV_fixed,100
5,Hurink_edata,la20.fjs,1.112461978720731,1.1033070124645474,1.0139214461806874,1.0139214461806874,-0.09854053254004369,primary_g100,online_minus_scratch_g100,HV_fixed,100
5,Hurink_edata,la21.fjs,0.9362432606549902,0.9797481049956012,0.8903830495780379,0.8903829888563,-0.04586027179869023,primary_g100,online_minus_scratch_g100,HV_fixed,100
5,Hurink_edata,la30.fjs,0.9269815088201991,1.0099199545426618,0.8164202631544321,0.8137169393924304,-0.11326456942776875,primary_g100,online_minus_scratch_g100,HV_fixed,100
5,Hurink_edata,la33.fjs,1.0306546283316542,1.023382222274421,0.9499036125723861,0.9499036125723861,-0.08075101575926813,primary_g100,online_minus_scratch_g100,HV_fixed,100
5,Hurink_edata,la38.fjs,1.0937120273886785,1.0781256377032045,0.9874049212700673,0.9874049212700673,-0.10630710611861116,primary_g100,online_minus_scratch_g100,HV_fixed,100
1,Brandimarte,Mk04.fjs,0.9840124826228397,0.992892251582514,1.0369496275167946,1.0369496275167946,0.04405737593428061,secondary_g50_g200,online_minus_ucb_g50,HV_fixed,50
1,Brandimarte,Mk10.fjs,1.0043218004039496,1.022673544346023,1.0314837523609732,1.0314837523609732,0.008810208014950138,secondary_g50_g200,online_minus_ucb_g50,HV_fixed,50
1,Hurink_edata,la05.fjs,1.130600082728633,1.135948370758752,1.099940772381597,1.099940772381597,-0.03600759837715506,secondary_g50_g200,online_minus_ucb_g50,HV_fixed,50
1,Hurink_edata,la10.fjs,0.8589895946885708,0.8656049824304148,0.843577336050588,0.843577336050588,-0.022027646379826793,secondary_g50_g200,online_minus_ucb_g50,HV_fixed,50
1,Hurink_edata,la15.fjs,1.0650241732139134,1.0327093680462958,0.9932810850717847,0.9932810850717847,-0.039428282974511064,secondary_g50_g200,online_minus_ucb_g50,HV_fixed,50
1,Hurink_edata,la16.fjs,1.034619352090203,1.0347879854278474,0.9475454091141349,0.9475454091141349,-0.08724257631371257,secondary_g50_g200,online_minus_ucb_g50,HV_fixed,50
1,Hurink_edata,la24.fjs,1.139313098050402,1.1318076005019755,1.08878724433296,1.08878724433296,-0.04302035616901545,secondary_g50_g200,online_minus_ucb_g50,HV_fixed,50
1,Hurink_edata,la26.fjs,1.0351322658323399,1.030060554315979,0.9804276770164915,0.9804276770164915,-0.04963287729948762,secondary_g50_g200,online_minus_ucb_g50,HV_fixed,50
1,Hurink_edata,la34.fjs,0.874345317234509,0.9152528682033626,0.7966959429938885,0.7966959429938885,-0.11855692520947414,secondary_g50_g200,online_minus_ucb_g50,HV_fixed,50
1,Hurink_edata,la37.fjs,1.0562653286959311,1.0872181126596532,1.0649035967559008,1.0649035967559008,-0.02231451590375233,secondary_g50_g200,online_minus_ucb_g50,HV_fixed,50
2,Brandimarte,Mk02.fjs,1.0082827890372168,1.0206571395158197,1.035206191434085,1.035206191434085,0.014549051918265388,secondary_g50_g200,online_minus_ucb_g50,HV_fixed,50
2,Brandimarte,Mk03.fjs,0.8315659106977012,0.8425816407301459,0.9180855356033153,0.9180855356033153,0.07550389487316944,secondary_g50_g200,online_minus_ucb_g50,HV_fixed,50
2,Hurink_edata,la03.fjs,1.1477504236012672,1.1368381790564808,1.0755830339091288,1.0755830339091288,-0.061255145147351975,secondary_g50_g200,online_minus_ucb_g50,HV_fixed,50
2,Hurink_edata,la07.fjs,1.1752354368700093,1.1823566512262902,1.1319171140322306,1.1319171140322306,-0.05043953719405958,secondary_g50_g200,online_minus_ucb_g50,HV_fixed,50
2,Hurink_edata,la13.fjs,1.0971462327960846,1.106291078865902,1.059487200945199,1.059487200945199,-0.04680387792070295,secondary_g50_g200,online_minus_ucb_g50,HV_fixed,50
2,Hurink_edata,la19.fjs,0.9485563208037991,0.9409439847171306,0.8720209254064504,0.8720209254064504,-0.06892305931068021,secondary_g50_g200,online_minus_ucb_g50,HV_fixed,50
2,Hurink_edata,la23.fjs,1.1268946318807989,1.1470915204365273,1.0896754049194253,1.0896754049194253,-0.05741611551710202,secondary_g50_g200,online_minus_ucb_g50,HV_fixed,50
2,Hurink_edata,la27.fjs,0.8717661378878686,0.8951101576360738,0.7876900850563424,0.7876900850563424,-0.10742007257973141,secondary_g50_g200,online_minus_ucb_g50,HV_fixed,50
2,Hurink_edata,la31.fjs,1.0237758270243518,0.9868910981359511,0.9680466341230323,0.9680466341230323,-0.018844464012918838,secondary_g50_g200,online_minus_ucb_g50,HV_fixed,50
2,Hurink_edata,la36.fjs,1.03837118719655,1.1130542150416063,0.9753783465720394,0.9753783465720394,-0.13767586846956692,secondary_g50_g200,online_minus_ucb_g50,HV_fixed,50
3,Brandimarte,Mk06.fjs,0.7824571196425073,0.794230366433576,0.8591799621278159,0.8591799621278159,0.06494959569423986,secondary_g50_g200,online_minus_ucb_g50,HV_fixed,50
3,Brandimarte,Mk07.fjs,1.0950978455098674,1.094611597353446,1.175712420025658,1.175712420025658,0.08110082267221186,secondary_g50_g200,online_minus_ucb_g50,HV_fixed,50
3,Hurink_edata,la04.fjs,1.113638411937234,1.1001909453025234,1.0215979516388212,1.0215979516388212,-0.0785929936637022,secondary_g50_g200,online_minus_ucb_g50,HV_fixed,50
3,Hurink_edata,la09.fjs,1.0987694727285793,1.1001500017933008,0.9729079225453752,0.9729079225453752,-0.12724207924792563,secondary_g50_g200,online_minus_ucb_g50,HV_fixed,50
3,Hurink_edata,la12.fjs,1.1038844047417387,1.081195144192284,1.0187632293430717,1.0187632293430717,-0.06243191484921229,secondary_g50_g200,online_minus_ucb_g50,HV_fixed,50
3,Hurink_edata,la17.fjs,1.155277474612661,1.1658091861046782,1.0868942880767603,1.0868942880767603,-0.07891489802791796,secondary_g50_g200,online_minus_ucb_g50,HV_fixed,50
3,Hurink_edata,la25.fjs,0.9023687530352539,0.9175503924970293,0.8199681349719761,0.8199681349719761,-0.09758225752505323,secondary_g50_g200,online_minus_ucb_g50,HV_fixed,50
3,Hurink_edata,la28.fjs,1.0561536094735826,1.0778474276711325,1.0406109883363068,1.0406109883363068,-0.03723643933482568,secondary_g50_g200,online_minus_ucb_g50,HV_fixed,50
3,Hurink_edata,la35.fjs,1.0312980724367122,0.9924915312169649,0.9157692500182403,0.9157692500182403,-0.0767222811987246,secondary_g50_g200,online_minus_ucb_g50,HV_fixed,50
3,Hurink_edata,la39.fjs,1.0897411136481825,1.1218341334361643,1.0498607148409862,1.0498607148409862,-0.07197341859517814,secondary_g50_g200,online_minus_ucb_g50,HV_fixed,50
4,Brandimarte,Mk01.fjs,1.0166833960935837,1.0274901760816386,1.0782030705423638,1.0782030705423638,0.05071289446072513,secondary_g50_g200,online_minus_ucb_g50,HV_fixed,50
4,Brandimarte,Mk08.fjs,0.9308529609713525,0.9586027774950523,0.923893311415822,0.923893311415822,-0.03470946607923031,secondary_g50_g200,online_minus_ucb_g50,HV_fixed,50
4,Hurink_edata,la01.fjs,1.0926026262164719,1.0893768015489549,0.9877514794504716,0.9877514794504716,-0.1016253220984833,secondary_g50_g200,online_minus_ucb_g50,HV_fixed,50
4,Hurink_edata,la06.fjs,1.2029496797238246,1.2377253889609405,1.2042286489671743,1.2042286489671743,-0.033496739993766234,secondary_g50_g200,online_minus_ucb_g50,HV_fixed,50
4,Hurink_edata,la11.fjs,1.1354925286052124,1.1271833379003156,1.074570936170863,1.0725266499827972,-0.05465668791751832,secondary_g50_g200,online_minus_ucb_g50,HV_fixed,50
4,Hurink_edata,la18.fjs,1.018705419207763,0.9781244322708269,0.9446916687228635,0.9446916687228635,-0.03343276354796343,secondary_g50_g200,online_minus_ucb_g50,HV_fixed,50
4,Hurink_edata,la22.fjs,0.9285636706143667,0.9201041023441247,0.8696897932950423,0.8696897932950423,-0.050414309049082395,secondary_g50_g200,online_minus_ucb_g50,HV_fixed,50
4,Hurink_edata,la29.fjs,0.9157953792035629,0.9603403079595538,0.8981997255086616,0.8981997255086616,-0.06214058245089227,secondary_g50_g200,online_minus_ucb_g50,HV_fixed,50
4,Hurink_edata,la32.fjs,0.9080510503641032,0.9284081817860734,0.9468820233257125,0.9468820233257125,0.018473841539639047,secondary_g50_g200,online_minus_ucb_g50,HV_fixed,50
4,Hurink_edata,la40.fjs,1.0594456867694315,1.0758906231526013,1.0161230037361657,1.0161230037361657,-0.0597676194164356,secondary_g50_g200,online_minus_ucb_g50,HV_fixed,50
5,Brandimarte,Mk05.fjs,0.9066716290138848,0.9098257019285029,0.9950429412582031,0.9950429412582031,0.08521723932970027,secondary_g50_g200,online_minus_ucb_g50,HV_fixed,50
5,Brandimarte,Mk09.fjs,0.8967952342279228,0.8961016973294672,0.9721098719419841,0.9721098719419841,0.07600817461251685,secondary_g50_g200,online_minus_ucb_g50,HV_fixed,50
5,Hurink_edata,la02.fjs,1.0208851479997476,1.006691046318803,0.9335840790745329,0.9335840790745329,-0.07310696724427013,secondary_g50_g200,online_minus_ucb_g50,HV_fixed,50
5,Hurink_edata,la08.fjs,1.1741477736793895,1.1790741903066058,1.1434087914623552,1.1434087914623552,-0.03566539884425057,secondary_g50_g200,online_minus_ucb_g50,HV_fixed,50
5,Hurink_edata,la14.fjs,1.0510577201620315,1.0702647048272598,0.9841498442955472,0.9841498442955472,-0.08611486053171258,secondary_g50_g200,online_minus_ucb_g50,HV_fixed,50
5,Hurink_edata,la20.fjs,1.0731139402218608,1.0819498655410604,1.0441402875098258,1.0441402875098258,-0.037809578031234636,secondary_g50_g200,online_minus_ucb_g50,HV_fixed,50
5,Hurink_edata,la21.fjs,0.9601755859134875,0.9925101032529939,0.9045036909266754,0.9045036909266754,-0.08800641232631856,secondary_g50_g200,online_minus_ucb_g50,HV_fixed,50
5,Hurink_edata,la30.fjs,0.9034977913877968,0.9261390689945577,0.8847256162001325,0.8847256162001325,-0.04141345279442521,secondary_g50_g200,online_minus_ucb_g50,HV_fixed,50
5,Hurink_edata,la33.fjs,0.8780793270010648,0.9625582826618959,0.9266780842301645,0.9266780842301645,-0.0358801984317314,secondary_g50_g200,online_minus_ucb_g50,HV_fixed,50
5,Hurink_edata,la38.fjs,0.9952019466406143,1.013743795776978,0.9466727457416476,0.9466727457416476,-0.06707105003533032,secondary_g50_g200,online_minus_ucb_g50,HV_fixed,50
1,Brandimarte,Mk04.fjs,0.9840124826228397,0.992892251582514,1.0369496275167946,1.0369496275167946,0.05293714489395496,secondary_g50_g200,online_minus_scratch_g50,HV_fixed,50
1,Brandimarte,Mk10.fjs,1.0043218004039496,1.022673544346023,1.0314837523609732,1.0314837523609732,0.027161951957023645,secondary_g50_g200,online_minus_scratch_g50,HV_fixed,50
1,Hurink_edata,la05.fjs,1.130600082728633,1.135948370758752,1.099940772381597,1.099940772381597,-0.03065931034703606,secondary_g50_g200,online_minus_scratch_g50,HV_fixed,50
1,Hurink_edata,la10.fjs,0.8589895946885708,0.8656049824304148,0.843577336050588,0.843577336050588,-0.01541225863798279,secondary_g50_g200,online_minus_scratch_g50,HV_fixed,50
1,Hurink_edata,la15.fjs,1.0650241732139134,1.0327093680462958,0.9932810850717847,0.9932810850717847,-0.07174308814212871,secondary_g50_g200,online_minus_scratch_g50,HV_fixed,50
1,Hurink_edata,la16.fjs,1.034619352090203,1.0347879854278474,0.9475454091141349,0.9475454091141349,-0.08707394297606807,secondary_g50_g200,online_minus_scratch_g50,HV_fixed,50
1,Hurink_edata,la24.fjs,1.139313098050402,1.1318076005019755,1.08878724433296,1.08878724433296,-0.050525853717442004,secondary_g50_g200,online_minus_scratch_g50,HV_fixed,50
1,Hurink_edata,la26.fjs,1.0351322658323399,1.030060554315979,0.9804276770164915,0.9804276770164915,-0.05470458881584839,secondary_g50_g200,online_minus_scratch_g50,HV_fixed,50
1,Hurink_edata,la34.fjs,0.874345317234509,0.9152528682033626,0.7966959429938885,0.7966959429938885,-0.07764937424062057,secondary_g50_g200,online_minus_scratch_g50,HV_fixed,50
1,Hurink_edata,la37.fjs,1.0562653286959311,1.0872181126596532,1.0649035967559008,1.0649035967559008,0.0086382680599697,secondary_g50_g200,online_minus_scratch_g50,HV_fixed,50
2,Brandimarte,Mk02.fjs,1.0082827890372168,1.0206571395158197,1.035206191434085,1.035206191434085,0.0269234023968683,secondary_g50_g200,online_minus_scratch_g50,HV_fixed,50
2,Brandimarte,Mk03.fjs,0.8315659106977012,0.8425816407301459,0.9180855356033153,0.9180855356033153,0.08651962490561405,secondary_g50_g200,online_minus_scratch_g50,HV_fixed,50
2,Hurink_edata,la03.fjs,1.1477504236012672,1.1368381790564808,1.0755830339091288,1.0755830339091288,-0.07216738969213843,secondary_g50_g200,online_minus_scratch_g50,HV_fixed,50
2,Hurink_edata,la07.fjs,1.1752354368700093,1.1823566512262902,1.1319171140322306,1.1319171140322306,-0.0433183228377787,secondary_g50_g200,online_minus_scratch_g50,HV_fixed,50
2,Hurink_edata,la13.fjs,1.0971462327960846,1.106291078865902,1.059487200945199,1.059487200945199,-0.037659031850885594,secondary_g50_g200,online_minus_scratch_g50,HV_fixed,50
2,Hurink_edata,la19.fjs,0.9485563208037991,0.9409439847171306,0.8720209254064504,0.8720209254064504,-0.07653539539734877,secondary_g50_g200,online_minus_scratch_g50,HV_fixed,50
2,Hurink_edata,la23.fjs,1.1268946318807989,1.1470915204365273,1.0896754049194253,1.0896754049194253,-0.037219226961373586,secondary_g50_g200,online_minus_scratch_g50,HV_fixed,50
2,Hurink_edata,la27.fjs,0.8717661378878686,0.8951101576360738,0.7876900850563424,0.7876900850563424,-0.0840760528315262,secondary_g50_g200,online_minus_scratch_g50,HV_fixed,50
2,Hurink_edata,la31.fjs,1.0237758270243518,0.9868910981359511,0.9680466341230323,0.9680466341230323,-0.0557291929013195,secondary_g50_g200,online_minus_scratch_g50,HV_fixed,50
2,Hurink_edata,la36.fjs,1.03837118719655,1.1130542150416063,0.9753783465720394,0.9753783465720394,-0.0629928406245106,secondary_g50_g200,online_minus_scratch_g50,HV_fixed,50
3,Brandimarte,Mk06.fjs,0.7824571196425073,0.794230366433576,0.8591799621278159,0.8591799621278159,0.07672284248530858,secondary_g50_g200,online_minus_scratch_g50,HV_fixed,50
3,Brandimarte,Mk07.fjs,1.0950978455098674,1.094611597353446,1.175712420025658,1.175712420025658,0.08061457451579046,secondary_g50_g200,online_minus_scratch_g50,HV_fixed,50
3,Hurink_edata,la04.fjs,1.113638411937234,1.1001909453025234,1.0215979516388212,1.0215979516388212,-0.09204046029841284,secondary_g50_g200,online_minus_scratch_g50,HV_fixed,50
3,Hurink_edata,la09.fjs,1.0987694727285793,1.1001500017933008,0.9729079225453752,0.9729079225453752,-0.1258615501832041,secondary_g50_g200,online_minus_scratch_g50,HV_fixed,50
3,Hurink_edata,la12.fjs,1.1038844047417387,1.081195144192284,1.0187632293430717,1.0187632293430717,-0.08512117539866693,secondary_g50_g200,online_minus_scratch_g50,HV_fixed,50
3,Hurink_edata,la17.fjs,1.155277474612661,1.1658091861046782,1.0868942880767603,1.0868942880767603,-0.06838318653590081,secondary_g50_g200,online_minus_scratch_g50,HV_fixed,50
3,Hurink_edata,la25.fjs,0.9023687530352539,0.9175503924970293,0.8199681349719761,0.8199681349719761,-0.08240061806327781,secondary_g50_g200,online_minus_scratch_g50,HV_fixed,50
3,Hurink_edata,la28.fjs,1.0561536094735826,1.0778474276711325,1.0406109883363068,1.0406109883363068,-0.01554262113727578,secondary_g50_g200,online_minus_scratch_g50,HV_fixed,50
3,Hurink_edata,la35.fjs,1.0312980724367122,0.9924915312169649,0.9157692500182403,0.9157692500182403,-0.11552882241847195,secondary_g50_g200,online_minus_scratch_g50,HV_fixed,50
3,Hurink_edata,la39.fjs,1.0897411136481825,1.1218341334361643,1.0498607148409862,1.0498607148409862,-0.03988039880719629,secondary_g50_g200,online_minus_scratch_g50,HV_fixed,50
4,Brandimarte,Mk01.fjs,1.0166833960935837,1.0274901760816386,1.0782030705423638,1.0782030705423638,0.06151967444878004,secondary_g50_g200,online_minus_scratch_g50,HV_fixed,50
4,Brandimarte,Mk08.fjs,0.9308529609713525,0.9586027774950523,0.923893311415822,0.923893311415822,-0.006959649555530523,secondary_g50_g200,online_minus_scratch_g50,HV_fixed,50
4,Hurink_edata,la01.fjs,1.0926026262164719,1.0893768015489549,0.9877514794504716,0.9877514794504716,-0.10485114676600027,secondary_g50_g200,online_minus_scratch_g50,HV_fixed,50
4,Hurink_edata,la06.fjs,1.2029496797238246,1.2377253889609405,1.2042286489671743,1.2042286489671743,0.0012789692433496924,secondary_g50_g200,online_minus_scratch_g50,HV_fixed,50
4,Hurink_edata,la11.fjs,1.1354925286052124,1.1271833379003156,1.074570936170863,1.0725266499827972,-0.0629658786224152,secondary_g50_g200,online_minus_scratch_g50,HV_fixed,50
4,Hurink_edata,la18.fjs,1.018705419207763,0.9781244322708269,0.9446916687228635,0.9446916687228635,-0.07401375048489944,secondary_g50_g200,online_minus_scratch_g50,HV_fixed,50
4,Hurink_edata,la22.fjs,0.9285636706143667,0.9201041023441247,0.8696897932950423,0.8696897932950423,-0.058873877319324475,secondary_g50_g200,online_minus_scratch_g50,HV_fixed,50
4,Hurink_edata,la29.fjs,0.9157953792035629,0.9603403079595538,0.8981997255086616,0.8981997255086616,-0.017595653694901348,secondary_g50_g200,online_minus_scratch_g50,HV_fixed,50
4,Hurink_edata,la32.fjs,0.9080510503641032,0.9284081817860734,0.9468820233257125,0.9468820233257125,0.03883097296160931,secondary_g50_g200,online_minus_scratch_g50,HV_fixed,50
4,Hurink_edata,la40.fjs,1.0594456867694315,1.0758906231526013,1.0161230037361657,1.0161230037361657,-0.04332268303326581,secondary_g50_g200,online_minus_scratch_g50,HV_fixed,50
5,Brandimarte,Mk05.fjs,0.9066716290138848,0.9098257019285029,0.9950429412582031,0.9950429412582031,0.08837131224431838,secondary_g50_g200,online_minus_scratch_g50,HV_fixed,50
5,Brandimarte,Mk09.fjs,0.8967952342279228,0.8961016973294672,0.9721098719419841,0.9721098719419841,0.07531463771406122,secondary_g50_g200,online_minus_scratch_g50,HV_fixed,50
5,Hurink_edata,la02.fjs,1.0208851479997476,1.006691046318803,0.9335840790745329,0.9335840790745329,-0.08730106892521472,secondary_g50_g200,online_minus_scratch_g50,HV_fixed,50
5,Hurink_edata,la08.fjs,1.1741477736793895,1.1790741903066058,1.1434087914623552,1.1434087914623552,-0.030738982217034305,secondary_g50_g200,online_minus_scratch_g50,HV_fixed,50
5,Hurink_edata,la14.fjs,1.0510577201620315,1.0702647048272598,0.9841498442955472,0.9841498442955472,-0.06690787586648428,secondary_g50_g200,online_minus_scratch_g50,HV_fixed,50
5,Hurink_edata,la20.fjs,1.0731139402218608,1.0819498655410604,1.0441402875098258,1.0441402875098258,-0.028973652712035003,secondary_g50_g200,online_minus_scratch_g50,HV_fixed,50
5,Hurink_edata,la21.fjs,0.9601755859134875,0.9925101032529939,0.9045036909266754,0.9045036909266754,-0.05567189498681213,secondary_g50_g200,online_minus_scratch_g50,HV_fixed,50
5,Hurink_edata,la30.fjs,0.9034977913877968,0.9261390689945577,0.8847256162001325,0.8847256162001325,-0.018772175187664386,secondary_g50_g200,online_minus_scratch_g50,HV_fixed,50
5,Hurink_edata,la33.fjs,0.8780793270010648,0.9625582826618959,0.9266780842301645,0.9266780842301645,0.048598757229099676,secondary_g50_g200,online_minus_scratch_g50,HV_fixed,50
5,Hurink_edata,la38.fjs,0.9952019466406143,1.013743795776978,0.9466727457416476,0.9466727457416476,-0.04852920089896673,secondary_g50_g200,online_minus_scratch_g50,HV_fixed,50
1,Brandimarte,Mk04.fjs,0.8867629772840615,0.8915311434849504,0.8830045285900112,0.8856071660813104,-0.005923977403640035,secondary_g50_g200,online_minus_ucb_g200,HV_fixed,200
1,Brandimarte,Mk10.fjs,0.8744710126039121,0.8844642449319802,0.7377294060255155,0.7484182961205404,-0.13604594881143972,secondary_g50_g200,online_minus_ucb_g200,HV_fixed,200
1,Hurink_edata,la05.fjs,1.110996088741552,1.1397855520907052,0.9899493880235221,1.009816562655688,-0.1299689894350171,secondary_g50_g200,online_minus_ucb_g200,HV_fixed,200
1,Hurink_edata,la10.fjs,1.0801183112034989,1.0754331792736307,0.9459267198750956,0.9653467224485031,-0.11008645682512763,secondary_g50_g200,online_minus_ucb_g200,HV_fixed,200
1,Hurink_edata,la15.fjs,1.1008473791593978,1.0856657292731744,0.9576995007638291,0.947644332874249,-0.1380213963989254,secondary_g50_g200,online_minus_ucb_g200,HV_fixed,200
1,Hurink_edata,la16.fjs,1.1899387155252947,1.155627388996327,1.0019841275811052,0.9933892737459795,-0.1622381152503476,secondary_g50_g200,online_minus_ucb_g200,HV_fixed,200
1,Hurink_edata,la24.fjs,1.142332696940901,1.1348625709222278,0.9981322458283679,0.9885205742959049,-0.14634199662632286,secondary_g50_g200,online_minus_ucb_g200,HV_fixed,200
1,Hurink_edata,la26.fjs,1.1882439524915829,1.2074063211287787,1.0768139257042912,1.0922375325915914,-0.11516878853718726,secondary_g50_g200,online_minus_ucb_g200,HV_fixed,200
1,Hurink_edata,la34.fjs,1.0464862164161186,1.055930804418459,0.8646341776237333,0.8355371177950566,-0.22039368662340242,secondary_g50_g200,online_minus_ucb_g200,HV_fixed,200
1,Hurink_edata,la37.fjs,1.0678694736602896,1.088000975598122,0.8060486122155097,0.8208047917861581,-0.26719618381196386,secondary_g50_g200,online_minus_ucb_g200,HV_fixed,200
2,Brandimarte,Mk02.fjs,1.0863627829838576,1.0737272417113903,0.9739095949349166,0.9821996160584656,-0.09152762565292472,secondary_g50_g200,online_minus_ucb_g200,HV_fixed,200
2,Brandimarte,Mk03.fjs,1.0029077093462604,1.0259954923133163,1.0548281415029557,1.03799630756225,0.012000815248933705,secondary_g50_g200,online_minus_ucb_g200,HV_fixed,200
2,Hurink_edata,la03.fjs,1.1917121546384057,1.2003428902128626,1.0551096258866588,1.0690717776327396,-0.13127111258012292,secondary_g50_g200,online_minus_ucb_g200,HV_fixed,200
2,Hurink_edata,la07.fjs,1.1942571273133131,1.1996701281154896,1.0675266740064433,1.0488153143809604,-0.15085481373452914,secondary_g50_g200,online_minus_ucb_g200,HV_fixed,200
2,Hurink_edata,la13.fjs,1.162039174802635,1.1689011648429053,1.0286824204335965,1.0273896215521425,-0.14151154329076276,secondary_g50_g200,online_minus_ucb_g200,HV_fixed,200
2,Hurink_edata,la19.fjs,1.0867586637070326,1.1047040310197431,0.9153785457666095,0.8561879731438152,-0.2485160578759279,secondary_g50_g200,online_minus_ucb_g200,HV_fixed,200
2,Hurink_edata,la23.fjs,1.201432292805348,1.2023132645386139,1.0633435504781759,1.0286768925949206,-0.1736363719436933,secondary_g50_g200,online_minus_ucb_g200,HV_fixed,200
2,Hurink_edata,la27.fjs,0.8867727608980194,0.8925357831300007,0.5398799299139638,0.5386725954558098,-0.3538631876741909,secondary_g50_g200,online_minus_ucb_g200,HV_fixed,200
2,Hurink_edata,la31.fjs,1.0808097040396092,1.0634209840724007,0.8295253668102729,0.8208122790495981,-0.24260870502280263,secondary_g50_g200,online_minus_ucb_g200,HV_fixed,200
2,Hurink_edata,la36.fjs,1.1619553750114757,1.171863701380616,0.9580950401670063,0.9804326903279652,-0.1914310110526507,secondary_g50_g200,online_minus_ucb_g200,HV_fixed,200
3,Brandimarte,Mk06.fjs,0.8665700418115219,0.8612421812026483,0.9152626423359451,0.9105721859286722,0.04933000472602389,secondary_g50_g200,online_minus_ucb_g200,HV_fixed,200
3,Brandimarte,Mk07.fjs,1.136999511859477,1.1519815639318534,1.0940424797852433,1.1027299367691556,-0.04925162716269771,secondary_g50_g200,online_minus_ucb_g200,HV_fixed,200
3,Hurink_edata,la04.fjs,1.082511907992556,1.0785870576303018,0.9435016425271997,0.9460800816103485,-0.13250697601995332,secondary_g50_g200,online_minus_ucb_g200,HV_fixed,200
3,Hurink_edata,la09.fjs,1.1359728612132813,1.1356873872467748,1.0221221208376532,1.0391479501547547,-0.09653943709202006,secondary_g50_g200,online_minus_ucb_g200,HV_fixed,200
3,Hurink_edata,la12.fjs,1.2252408428266475,1.1983446980991581,1.076730944721198,1.064362018791829,-0.1339826793073291,secondary_g50_g200,online_minus_ucb_g200,HV_fixed,200
3,Hurink_edata,la17.fjs,1.1730067472182402,1.1468685840030401,0.9076181640667798,0.9076181740491789,-0.23925040995386126,secondary_g50_g200,online_minus_ucb_g200,HV_fixed,200
3,Hurink_edata,la25.fjs,0.9064635639038761,0.9019093874946743,0.6976236280680858,0.6882080362670473,-0.213701351227627,secondary_g50_g200,online_minus_ucb_g200,HV_fixed,200
3,Hurink_edata,la28.fjs,1.0066488039637675,1.0005578459443214,0.7741019333221534,0.7870105003404418,-0.21354734560387956,secondary_g50_g200,online_minus_ucb_g200,HV_fixed,200
3,Hurink_edata,la35.fjs,1.0058907090710107,0.9535092132033901,0.7458294237116213,0.7159054253388397,-0.2376037878645504,secondary_g50_g200,online_minus_ucb_g200,HV_fixed,200
3,Hurink_edata,la39.fjs,1.1617642559011778,1.1472544825790043,0.9128793282799736,0.9361418118379029,-0.2111126707411014,secondary_g50_g200,online_minus_ucb_g200,HV_fixed,200
4,Brandimarte,Mk01.fjs,1.0695667766417039,1.0489673773711945,0.9957211946091414,0.9967451513815723,-0.05222222598962223,secondary_g50_g200,online_minus_ucb_g200,HV_fixed,200
4,Brandimarte,Mk08.fjs,1.0778969892138428,1.0639702955421617,0.7561304353355804,0.7856997972398514,-0.2782704983023103,secondary_g50_g200,online_minus_ucb_g200,HV_fixed,200
4,Hurink_edata,la01.fjs,1.1419406695758911,1.1219857241922357,0.8693013336904221,0.8992443894246158,-0.22274133476761993,secondary_g50_g200,online_minus_ucb_g200,HV_fixed,200
4,Hurink_edata,la06.fjs,1.2165421334918824,1.2219601258013033,1.0907658375899678,1.0925226698392612,-0.12943745596204215,secondary_g50_g200,online_minus_ucb_g200,HV_fixed,200
4,Hurink_edata,la11.fjs,1.1034238989680158,1.1105290422922474,0.9584577296323141,0.9445578961473038,-0.16597114614494357,secondary_g50_g200,online_minus_ucb_g200,HV_fixed,200
4,Hurink_edata,la18.fjs,1.1794637744312717,1.1384624254337459,0.9841268686165846,0.9800134400725651,-0.1584489853611808,secondary_g50_g200,online_minus_ucb_g200,HV_fixed,200
4,Hurink_edata,la22.fjs,1.0428757990128559,1.0499130360159552,0.817369848671219,0.8099258274623968,-0.23998720855355837,secondary_g50_g200,online_minus_ucb_g200,HV_fixed,200
4,Hurink_edata,la29.fjs,0.972880908358922,0.9587425849764835,0.5811171873454366,0.5835362985934371,-0.3752062863830463,secondary_g50_g200,online_minus_ucb_g200,HV_fixed,200
4,Hurink_edata,la32.fjs,1.0082137019371786,1.0723166979103327,0.7009770874971412,0.7161515741188114,-0.3561651237915213,secondary_g50_g200,online_minus_ucb_g200,HV_fixed,200
4,Hurink_edata,la40.fjs,1.129926511279336,1.1630011841503813,0.9486706239704363,0.9458568599450622,-0.21714432420531915,secondary_g50_g200,online_minus_ucb_g200,HV_fixed,200
5,Brandimarte,Mk05.fjs,1.1004747572966818,1.1146113876324557,1.0594504344273257,1.060460225388983,-0.05415116224347272,secondary_g50_g200,online_minus_ucb_g200,HV_fixed,200
5,Brandimarte,Mk09.fjs,0.9531702440963803,0.9666990438160725,0.989528592525883,0.9956218444097988,0.028922800593726317,secondary_g50_g200,online_minus_ucb_g200,HV_fixed,200
5,Hurink_edata,la02.fjs,1.0815241955393455,1.0890810821353325,0.9669001225955977,0.9079087011437181,-0.18117238099161437,secondary_g50_g200,online_minus_ucb_g200,HV_fixed,200
5,Hurink_edata,la08.fjs,1.2249856175986362,1.2437550530093457,1.1435801127767415,1.1508805659984234,-0.09287448701092238,secondary_g50_g200,online_minus_ucb_g200,HV_fixed,200
5,Hurink_edata,la14.fjs,1.1527297001605716,1.1472499849362316,1.0446208916811006,1.0349226187600302,-0.11232736617620143,secondary_g50_g200,online_minus_ucb_g200,HV_fixed,200
5,Hurink_edata,la20.fjs,1.1473278601901549,1.1284734983743983,0.992062198454433,1.0079769533894973,-0.12049654498490092,secondary_g50_g200,online_minus_ucb_g200,HV_fixed,200
5,Hurink_edata,la21.fjs,0.9724176393881587,0.9746519959308069,0.7336438818433811,0.6807086320162776,-0.29394336391452924,secondary_g50_g200,online_minus_ucb_g200,HV_fixed,200
5,Hurink_edata,la30.fjs,0.9399332727713834,0.9847143197718928,0.6002410946251417,0.5429986243256942,-0.4417156954461986,secondary_g50_g200,online_minus_ucb_g200,HV_fixed,200
5,Hurink_edata,la33.fjs,1.0663791274759928,1.076250472942416,0.9221127403167828,0.9353271544079884,-0.14092331853442763,secondary_g50_g200,online_minus_ucb_g200,HV_fixed,200
5,Hurink_edata,la38.fjs,1.0905676203825307,1.0575007429546843,0.9162269365616535,0.8964553320842932,-0.16104541087039115,secondary_g50_g200,online_minus_ucb_g200,HV_fixed,200
1,Brandimarte,Mk04.fjs,0.8867629772840615,0.8915311434849504,0.8830045285900112,0.8856071660813104,-0.0011558112027511003,secondary_g50_g200,online_minus_scratch_g200,HV_fixed,200
1,Brandimarte,Mk10.fjs,0.8744710126039121,0.8844642449319802,0.7377294060255155,0.7484182961205404,-0.12605271648337169,secondary_g50_g200,online_minus_scratch_g200,HV_fixed,200
1,Hurink_edata,la05.fjs,1.110996088741552,1.1397855520907052,0.9899493880235221,1.009816562655688,-0.10117952608586389,secondary_g50_g200,online_minus_scratch_g200,HV_fixed,200
1,Hurink_edata,la10.fjs,1.0801183112034989,1.0754331792736307,0.9459267198750956,0.9653467224485031,-0.11477158875499582,secondary_g50_g200,online_minus_scratch_g200,HV_fixed,200
1,Hurink_edata,la15.fjs,1.1008473791593978,1.0856657292731744,0.9576995007638291,0.947644332874249,-0.1532030462851488,secondary_g50_g200,online_minus_scratch_g200,HV_fixed,200
1,Hurink_edata,la16.fjs,1.1899387155252947,1.155627388996327,1.0019841275811052,0.9933892737459795,-0.19654944177931521,secondary_g50_g200,online_minus_scratch_g200,HV_fixed,200
1,Hurink_edata,la24.fjs,1.142332696940901,1.1348625709222278,0.9981322458283679,0.9885205742959049,-0.153812122644996,secondary_g50_g200,online_minus_scratch_g200,HV_fixed,200
1,Hurink_edata,la26.fjs,1.1882439524915829,1.2074063211287787,1.0768139257042912,1.0922375325915914,-0.09600641989999148,secondary_g50_g200,online_minus_scratch_g200,HV_fixed,200
1,Hurink_edata,la34.fjs,1.0464862164161186,1.055930804418459,0.8646341776237333,0.8355371177950566,-0.21094909862106204,secondary_g50_g200,online_minus_scratch_g200,HV_fixed,200
1,Hurink_edata,la37.fjs,1.0678694736602896,1.088000975598122,0.8060486122155097,0.8208047917861581,-0.24706468187413155,secondary_g50_g200,online_minus_scratch_g200,HV_fixed,200
2,Brandimarte,Mk02.fjs,1.0863627829838576,1.0737272417113903,0.9739095949349166,0.9821996160584656,-0.10416316692539196,secondary_g50_g200,online_minus_scratch_g200,HV_fixed,200
2,Brandimarte,Mk03.fjs,1.0029077093462604,1.0259954923133163,1.0548281415029557,1.03799630756225,0.03508859821598964,secondary_g50_g200,online_minus_scratch_g200,HV_fixed,200
2,Hurink_edata,la03.fjs,1.1917121546384057,1.2003428902128626,1.0551096258866588,1.0690717776327396,-0.1226403770056661,secondary_g50_g200,online_minus_scratch_g200,HV_fixed,200
2,Hurink_edata,la07.fjs,1.1942571273133131,1.1996701281154896,1.0675266740064433,1.0488153143809604,-0.1454418129323527,secondary_g50_g200,online_minus_scratch_g200,HV_fixed,200
2,Hurink_edata,la13.fjs,1.162039174802635,1.1689011648429053,1.0286824204335965,1.0273896215521425,-0.13464955325049255,secondary_g50_g200,online_minus_scratch_g200,HV_fixed,200
2,Hurink_edata,la19.fjs,1.0867586637070326,1.1047040310197431,0.9153785457666095,0.8561879731438152,-0.23057069056321733,secondary_g50_g200,online_minus_scratch_g200,HV_fixed,200
2,Hurink_edata,la23.fjs,1.201432292805348,1.2023132645386139,1.0633435504781759,1.0286768925949206,-0.17275540021042746,secondary_g50_g200,online_minus_scratch_g200,HV_fixed,200
2,Hurink_edata,la27.fjs,0.8867727608980194,0.8925357831300007,0.5398799299139638,0.5386725954558098,-0.34810016544220956,secondary_g50_g200,online_minus_scratch_g200,HV_fixed,200
2,Hurink_edata,la31.fjs,1.0808097040396092,1.0634209840724007,0.8295253668102729,0.8208122790495981,-0.2599974249900111,secondary_g50_g200,online_minus_scratch_g200,HV_fixed,200
2,Hurink_edata,la36.fjs,1.1619553750114757,1.171863701380616,0.9580950401670063,0.9804326903279652,-0.18152268468351052,secondary_g50_g200,online_minus_scratch_g200,HV_fixed,200
3,Brandimarte,Mk06.fjs,0.8665700418115219,0.8612421812026483,0.9152626423359451,0.9105721859286722,0.04400214411715031,secondary_g50_g200,online_minus_scratch_g200,HV_fixed,200
3,Brandimarte,Mk07.fjs,1.136999511859477,1.1519815639318534,1.0940424797852433,1.1027299367691556,-0.03426957509032125,secondary_g50_g200,online_minus_scratch_g200,HV_fixed,200
3,Hurink_edata,la04.fjs,1.082511907992556,1.0785870576303018,0.9435016425271997,0.9460800816103485,-0.13643182638220752,secondary_g50_g200,online_minus_scratch_g200,HV_fixed,200
3,Hurink_edata,la09.fjs,1.1359728612132813,1.1356873872467748,1.0221221208376532,1.0391479501547547,-0.09682491105852664,secondary_g50_g200,online_minus_scratch_g200,HV_fixed,200
3,Hurink_edata,la12.fjs,1.2252408428266475,1.1983446980991581,1.076730944721198,1.064362018791829,-0.16087882403481846,secondary_g50_g200,online_minus_scratch_g200,HV_fixed,200
3,Hurink_edata,la17.fjs,1.1730067472182402,1.1468685840030401,0.9076181640667798,0.9076181740491789,-0.2653885731690613,secondary_g50_g200,online_minus_scratch_g200,HV_fixed,200
3,Hurink_edata,la25.fjs,0.9064635639038761,0.9019093874946743,0.6976236280680858,0.6882080362670473,-0.21825552763682876,secondary_g50_g200,online_minus_scratch_g200,HV_fixed,200
3,Hurink_edata,la28.fjs,1.0066488039637675,1.0005578459443214,0.7741019333221534,0.7870105003404418,-0.2196383036233257,secondary_g50_g200,online_minus_scratch_g200,HV_fixed,200
3,Hurink_edata,la35.fjs,1.0058907090710107,0.9535092132033901,0.7458294237116213,0.7159054253388397,-0.28998528373217103,secondary_g50_g200,online_minus_scratch_g200,HV_fixed,200
3,Hurink_edata,la39.fjs,1.1617642559011778,1.1472544825790043,0.9128793282799736,0.9361418118379029,-0.22562244406327492,secondary_g50_g200,online_minus_scratch_g200,HV_fixed,200
4,Brandimarte,Mk01.fjs,1.0695667766417039,1.0489673773711945,0.9957211946091414,0.9967451513815723,-0.07282162526013158,secondary_g50_g200,online_minus_scratch_g200,HV_fixed,200
4,Brandimarte,Mk08.fjs,1.0778969892138428,1.0639702955421617,0.7561304353355804,0.7856997972398514,-0.2921971919739914,secondary_g50_g200,online_minus_scratch_g200,HV_fixed,200
4,Hurink_edata,la01.fjs,1.1419406695758911,1.1219857241922357,0.8693013336904221,0.8992443894246158,-0.2426962801512753,secondary_g50_g200,online_minus_scratch_g200,HV_fixed,200
4,Hurink_edata,la06.fjs,1.2165421334918824,1.2219601258013033,1.0907658375899678,1.0925226698392612,-0.12401946365262129,secondary_g50_g200,online_minus_scratch_g200,HV_fixed,200
4,Hurink_edata,la11.fjs,1.1034238989680158,1.1105290422922474,0.9584577296323141,0.9445578961473038,-0.15886600282071206,secondary_g50_g200,online_minus_scratch_g200,HV_fixed,200
4,Hurink_edata,la18.fjs,1.1794637744312717,1.1384624254337459,0.9841268686165846,0.9800134400725651,-0.19945033435870663,secondary_g50_g200,online_minus_scratch_g200,HV_fixed,200
4,Hurink_edata,la22.fjs,1.0428757990128559,1.0499130360159552,0.817369848671219,0.8099258274623968,-0.23294997155045905,secondary_g50_g200,online_minus_scratch_g200,HV_fixed,200
4,Hurink_edata,la29.fjs,0.972880908358922,0.9587425849764835,0.5811171873454366,0.5835362985934371,-0.3893446097654849,secondary_g50_g200,online_minus_scratch_g200,HV_fixed,200
4,Hurink_edata,la32.fjs,1.0082137019371786,1.0723166979103327,0.7009770874971412,0.7161515741188114,-0.29206212781836727,secondary_g50_g200,online_minus_scratch_g200,HV_fixed,200
4,Hurink_edata,la40.fjs,1.129926511279336,1.1630011841503813,0.9486706239704363,0.9458568599450622,-0.18406965133427378,secondary_g50_g200,online_minus_scratch_g200,HV_fixed,200
5,Brandimarte,Mk05.fjs,1.1004747572966818,1.1146113876324557,1.0594504344273257,1.060460225388983,-0.04001453190769877,secondary_g50_g200,online_minus_scratch_g200,HV_fixed,200
5,Brandimarte,Mk09.fjs,0.9531702440963803,0.9666990438160725,0.989528592525883,0.9956218444097988,0.04245160031341855,secondary_g50_g200,online_minus_scratch_g200,HV_fixed,200
5,Hurink_edata,la02.fjs,1.0815241955393455,1.0890810821353325,0.9669001225955977,0.9079087011437181,-0.1736154943956274,secondary_g50_g200,online_minus_scratch_g200,HV_fixed,200
5,Hurink_edata,la08.fjs,1.2249856175986362,1.2437550530093457,1.1435801127767415,1.1508805659984234,-0.07410505160021286,secondary_g50_g200,online_minus_scratch_g200,HV_fixed,200
5,Hurink_edata,la14.fjs,1.1527297001605716,1.1472499849362316,1.0446208916811006,1.0349226187600302,-0.11780708140054141,secondary_g50_g200,online_minus_scratch_g200,HV_fixed,200
5,Hurink_edata,la20.fjs,1.1473278601901549,1.1284734983743983,0.992062198454433,1.0079769533894973,-0.13935090680065754,secondary_g50_g200,online_minus_scratch_g200,HV_fixed,200
5,Hurink_edata,la21.fjs,0.9724176393881587,0.9746519959308069,0.7336438818433811,0.6807086320162776,-0.2917090073718811,secondary_g50_g200,online_minus_scratch_g200,HV_fixed,200
5,Hurink_edata,la30.fjs,0.9399332727713834,0.9847143197718928,0.6002410946251417,0.5429986243256942,-0.39693464844568915,secondary_g50_g200,online_minus_scratch_g200,HV_fixed,200
5,Hurink_edata,la33.fjs,1.0663791274759928,1.076250472942416,0.9221127403167828,0.9353271544079884,-0.13105197306800442,secondary_g50_g200,online_minus_scratch_g200,HV_fixed,200
5,Hurink_edata,la38.fjs,1.0905676203825307,1.0575007429546843,0.9162269365616535,0.8964553320842932,-0.19411228829823757,secondary_g50_g200,online_minus_scratch_g200,HV_fixed,200
1,Brandimarte,Mk04.fjs,0.9840124826228397,0.992892251582514,1.0369496275167946,1.0369496275167946,0.0,mechanism_online_frozen,online_minus_frozen_g50,HV_fixed,50
1,Brandimarte,Mk10.fjs,1.0043218004039496,1.022673544346023,1.0314837523609732,1.0314837523609732,0.0,mechanism_online_frozen,online_minus_frozen_g50,HV_fixed,50
1,Hurink_edata,la05.fjs,1.130600082728633,1.135948370758752,1.099940772381597,1.099940772381597,0.0,mechanism_online_frozen,online_minus_frozen_g50,HV_fixed,50
1,Hurink_edata,la10.fjs,0.8589895946885708,0.8656049824304148,0.843577336050588,0.843577336050588,0.0,mechanism_online_frozen,online_minus_frozen_g50,HV_fixed,50
1,Hurink_edata,la15.fjs,1.0650241732139134,1.0327093680462958,0.9932810850717847,0.9932810850717847,0.0,mechanism_online_frozen,online_minus_frozen_g50,HV_fixed,50
1,Hurink_edata,la16.fjs,1.034619352090203,1.0347879854278474,0.9475454091141349,0.9475454091141349,0.0,mechanism_online_frozen,online_minus_frozen_g50,HV_fixed,50
1,Hurink_edata,la24.fjs,1.139313098050402,1.1318076005019755,1.08878724433296,1.08878724433296,0.0,mechanism_online_frozen,online_minus_frozen_g50,HV_fixed,50
1,Hurink_edata,la26.fjs,1.0351322658323399,1.030060554315979,0.9804276770164915,0.9804276770164915,0.0,mechanism_online_frozen,online_minus_frozen_g50,HV_fixed,50
1,Hurink_edata,la34.fjs,0.874345317234509,0.9152528682033626,0.7966959429938885,0.7966959429938885,0.0,mechanism_online_frozen,online_minus_frozen_g50,HV_fixed,50
1,Hurink_edata,la37.fjs,1.0562653286959311,1.0872181126596532,1.0649035967559008,1.0649035967559008,0.0,mechanism_online_frozen,online_minus_frozen_g50,HV_fixed,50
2,Brandimarte,Mk02.fjs,1.0082827890372168,1.0206571395158197,1.035206191434085,1.035206191434085,0.0,mechanism_online_frozen,online_minus_frozen_g50,HV_fixed,50
2,Brandimarte,Mk03.fjs,0.8315659106977012,0.8425816407301459,0.9180855356033153,0.9180855356033153,0.0,mechanism_online_frozen,online_minus_frozen_g50,HV_fixed,50
2,Hurink_edata,la03.fjs,1.1477504236012672,1.1368381790564808,1.0755830339091288,1.0755830339091288,0.0,mechanism_online_frozen,online_minus_frozen_g50,HV_fixed,50
2,Hurink_edata,la07.fjs,1.1752354368700093,1.1823566512262902,1.1319171140322306,1.1319171140322306,0.0,mechanism_online_frozen,online_minus_frozen_g50,HV_fixed,50
2,Hurink_edata,la13.fjs,1.0971462327960846,1.106291078865902,1.059487200945199,1.059487200945199,0.0,mechanism_online_frozen,online_minus_frozen_g50,HV_fixed,50
2,Hurink_edata,la19.fjs,0.9485563208037991,0.9409439847171306,0.8720209254064504,0.8720209254064504,0.0,mechanism_online_frozen,online_minus_frozen_g50,HV_fixed,50
2,Hurink_edata,la23.fjs,1.1268946318807989,1.1470915204365273,1.0896754049194253,1.0896754049194253,0.0,mechanism_online_frozen,online_minus_frozen_g50,HV_fixed,50
2,Hurink_edata,la27.fjs,0.8717661378878686,0.8951101576360738,0.7876900850563424,0.7876900850563424,0.0,mechanism_online_frozen,online_minus_frozen_g50,HV_fixed,50
2,Hurink_edata,la31.fjs,1.0237758270243518,0.9868910981359511,0.9680466341230323,0.9680466341230323,0.0,mechanism_online_frozen,online_minus_frozen_g50,HV_fixed,50
2,Hurink_edata,la36.fjs,1.03837118719655,1.1130542150416063,0.9753783465720394,0.9753783465720394,0.0,mechanism_online_frozen,online_minus_frozen_g50,HV_fixed,50
3,Brandimarte,Mk06.fjs,0.7824571196425073,0.794230366433576,0.8591799621278159,0.8591799621278159,0.0,mechanism_online_frozen,online_minus_frozen_g50,HV_fixed,50
3,Brandimarte,Mk07.fjs,1.0950978455098674,1.094611597353446,1.175712420025658,1.175712420025658,0.0,mechanism_online_frozen,online_minus_frozen_g50,HV_fixed,50
3,Hurink_edata,la04.fjs,1.113638411937234,1.1001909453025234,1.0215979516388212,1.0215979516388212,0.0,mechanism_online_frozen,online_minus_frozen_g50,HV_fixed,50
3,Hurink_edata,la09.fjs,1.0987694727285793,1.1001500017933008,0.9729079225453752,0.9729079225453752,0.0,mechanism_online_frozen,online_minus_frozen_g50,HV_fixed,50
3,Hurink_edata,la12.fjs,1.1038844047417387,1.081195144192284,1.0187632293430717,1.0187632293430717,0.0,mechanism_online_frozen,online_minus_frozen_g50,HV_fixed,50
3,Hurink_edata,la17.fjs,1.155277474612661,1.1658091861046782,1.0868942880767603,1.0868942880767603,0.0,mechanism_online_frozen,online_minus_frozen_g50,HV_fixed,50
3,Hurink_edata,la25.fjs,0.9023687530352539,0.9175503924970293,0.8199681349719761,0.8199681349719761,0.0,mechanism_online_frozen,online_minus_frozen_g50,HV_fixed,50
3,Hurink_edata,la28.fjs,1.0561536094735826,1.0778474276711325,1.0406109883363068,1.0406109883363068,0.0,mechanism_online_frozen,online_minus_frozen_g50,HV_fixed,50
3,Hurink_edata,la35.fjs,1.0312980724367122,0.9924915312169649,0.9157692500182403,0.9157692500182403,0.0,mechanism_online_frozen,online_minus_frozen_g50,HV_fixed,50
3,Hurink_edata,la39.fjs,1.0897411136481825,1.1218341334361643,1.0498607148409862,1.0498607148409862,0.0,mechanism_online_frozen,online_minus_frozen_g50,HV_fixed,50
4,Brandimarte,Mk01.fjs,1.0166833960935837,1.0274901760816386,1.0782030705423638,1.0782030705423638,0.0,mechanism_online_frozen,online_minus_frozen_g50,HV_fixed,50
4,Brandimarte,Mk08.fjs,0.9308529609713525,0.9586027774950523,0.923893311415822,0.923893311415822,0.0,mechanism_online_frozen,online_minus_frozen_g50,HV_fixed,50
4,Hurink_edata,la01.fjs,1.0926026262164719,1.0893768015489549,0.9877514794504716,0.9877514794504716,0.0,mechanism_online_frozen,online_minus_frozen_g50,HV_fixed,50
4,Hurink_edata,la06.fjs,1.2029496797238246,1.2377253889609405,1.2042286489671743,1.2042286489671743,0.0,mechanism_online_frozen,online_minus_frozen_g50,HV_fixed,50
4,Hurink_edata,la11.fjs,1.1354925286052124,1.1271833379003156,1.074570936170863,1.0725266499827972,-0.002044286188065847,mechanism_online_frozen,online_minus_frozen_g50,HV_fixed,50
4,Hurink_edata,la18.fjs,1.018705419207763,0.9781244322708269,0.9446916687228635,0.9446916687228635,0.0,mechanism_online_frozen,online_minus_frozen_g50,HV_fixed,50
4,Hurink_edata,la22.fjs,0.9285636706143667,0.9201041023441247,0.8696897932950423,0.8696897932950423,0.0,mechanism_online_frozen,online_minus_frozen_g50,HV_fixed,50
4,Hurink_edata,la29.fjs,0.9157953792035629,0.9603403079595538,0.8981997255086616,0.8981997255086616,0.0,mechanism_online_frozen,online_minus_frozen_g50,HV_fixed,50
4,Hurink_edata,la32.fjs,0.9080510503641032,0.9284081817860734,0.9468820233257125,0.9468820233257125,0.0,mechanism_online_frozen,online_minus_frozen_g50,HV_fixed,50
4,Hurink_edata,la40.fjs,1.0594456867694315,1.0758906231526013,1.0161230037361657,1.0161230037361657,0.0,mechanism_online_frozen,online_minus_frozen_g50,HV_fixed,50
5,Brandimarte,Mk05.fjs,0.9066716290138848,0.9098257019285029,0.9950429412582031,0.9950429412582031,0.0,mechanism_online_frozen,online_minus_frozen_g50,HV_fixed,50
5,Brandimarte,Mk09.fjs,0.8967952342279228,0.8961016973294672,0.9721098719419841,0.9721098719419841,0.0,mechanism_online_frozen,online_minus_frozen_g50,HV_fixed,50
5,Hurink_edata,la02.fjs,1.0208851479997476,1.006691046318803,0.9335840790745329,0.9335840790745329,0.0,mechanism_online_frozen,online_minus_frozen_g50,HV_fixed,50
5,Hurink_edata,la08.fjs,1.1741477736793895,1.1790741903066058,1.1434087914623552,1.1434087914623552,0.0,mechanism_online_frozen,online_minus_frozen_g50,HV_fixed,50
5,Hurink_edata,la14.fjs,1.0510577201620315,1.0702647048272598,0.9841498442955472,0.9841498442955472,0.0,mechanism_online_frozen,online_minus_frozen_g50,HV_fixed,50
5,Hurink_edata,la20.fjs,1.0731139402218608,1.0819498655410604,1.0441402875098258,1.0441402875098258,0.0,mechanism_online_frozen,online_minus_frozen_g50,HV_fixed,50
5,Hurink_edata,la21.fjs,0.9601755859134875,0.9925101032529939,0.9045036909266754,0.9045036909266754,0.0,mechanism_online_frozen,online_minus_frozen_g50,HV_fixed,50
5,Hurink_edata,la30.fjs,0.9034977913877968,0.9261390689945577,0.8847256162001325,0.8847256162001325,0.0,mechanism_online_frozen,online_minus_frozen_g50,HV_fixed,50
5,Hurink_edata,la33.fjs,0.8780793270010648,0.9625582826618959,0.9266780842301645,0.9266780842301645,0.0,mechanism_online_frozen,online_minus_frozen_g50,HV_fixed,50
5,Hurink_edata,la38.fjs,0.9952019466406143,1.013743795776978,0.9466727457416476,0.9466727457416476,0.0,mechanism_online_frozen,online_minus_frozen_g50,HV_fixed,50
1,Brandimarte,Mk04.fjs,0.9254864763473991,0.9087059167907989,0.9511220660944404,0.9346747992368876,-0.016447266857552822,mechanism_online_frozen,online_minus_frozen_g100,HV_fixed,100
1,Brandimarte,Mk10.fjs,0.7861516690899393,0.8236033045927079,0.7818754748256209,0.7818754748256209,0.0,mechanism_online_frozen,online_minus_frozen_g100,HV_fixed,100
1,Hurink_edata,la05.fjs,1.1348222782255526,1.1295929376394522,1.0486386618953494,1.0547794568580724,0.006140794962723017,mechanism_online_frozen,online_minus_frozen_g100,HV_fixed,100
1,Hurink_edata,la10.fjs,0.9790249433994269,0.9889637786361607,0.8992217821950823,0.9305478915515071,0.03132610935642477,mechanism_online_frozen,online_minus_frozen_g100,HV_fixed,100
1,Hurink_edata,la15.fjs,1.0768762585354903,1.0772907742433395,1.0144643024307722,1.0144643024307722,0.0,mechanism_online_frozen,online_minus_frozen_g100,HV_fixed,100
1,Hurink_edata,la16.fjs,1.1067478412624496,1.1189414332830174,1.0095558009638088,1.0095558009638088,0.0,mechanism_online_frozen,online_minus_frozen_g100,HV_fixed,100
1,Hurink_edata,la24.fjs,1.0927822707987527,1.1478926021452311,1.0315197491042127,1.0364354041852468,0.004915655081034087,mechanism_online_frozen,online_minus_frozen_g100,HV_fixed,100
1,Hurink_edata,la26.fjs,1.162460038471763,1.165498441681752,1.0941741662681377,1.0941741662681377,0.0,mechanism_online_frozen,online_minus_frozen_g100,HV_fixed,100
1,Hurink_edata,la34.fjs,0.9612249170639813,0.9946229663037907,0.9718090843314013,0.9718090843314013,0.0,mechanism_online_frozen,online_minus_frozen_g100,HV_fixed,100
1,Hurink_edata,la37.fjs,1.0369886065687552,1.0647579682806545,0.9670266584625429,0.9539529356383383,-0.013073722824204603,mechanism_online_frozen,online_minus_frozen_g100,HV_fixed,100
2,Brandimarte,Mk02.fjs,1.0001211460812893,0.994793374475561,0.979014726058089,0.9788367523009628,-0.00017797375712624852,mechanism_online_frozen,online_minus_frozen_g100,HV_fixed,100
2,Brandimarte,Mk03.fjs,0.9193127904081844,0.9126456936417624,1.024268956397789,1.02381281650888,-0.000456139888908913,mechanism_online_frozen,online_minus_frozen_g100,HV_fixed,100
2,Hurink_edata,la03.fjs,1.1519722197843834,1.144206327552789,1.0383626762961975,1.0383626762961975,0.0,mechanism_online_frozen,online_minus_frozen_g100,HV_fixed,100
2,Hurink_edata,la07.fjs,1.194497932137777,1.1867213471927665,1.1200748917037981,1.1200748917037981,0.0,mechanism_online_frozen,online_minus_frozen_g100,HV_fixed,100
2,Hurink_edata,la13.fjs,1.1059583987050745,1.0922823309842635,1.0111521198486346,1.0111521198486346,0.0,mechanism_online_frozen,online_minus_frozen_g100,HV_fixed,100
2,Hurink_edata,la19.fjs,1.0820937778392699,1.0716234056896072,0.9946922494336683,0.9946922494336683,0.0,mechanism_online_frozen,online_minus_frozen_g100,HV_fixed,100
2,Hurink_edata,la23.fjs,1.170776473305398,1.1777180107730523,1.061358794728949,1.061358794728949,0.0,mechanism_online_frozen,online_minus_frozen_g100,HV_fixed,100
2,Hurink_edata,la27.fjs,0.9550805010851406,0.9330302219491307,0.775479193605517,0.7763315567230238,0.0008523631175068047,mechanism_online_frozen,online_minus_frozen_g100,HV_fixed,100
2,Hurink_edata,la31.fjs,1.0379106461367706,1.0352962138467987,0.904499448254225,0.904499448254225,0.0,mechanism_online_frozen,online_minus_frozen_g100,HV_fixed,100
2,Hurink_edata,la36.fjs,1.1169903705475113,1.1166702174044945,0.958367593050185,0.958367593050185,0.0,mechanism_online_frozen,online_minus_frozen_g100,HV_fixed,100
3,Brandimarte,Mk06.fjs,0.8305589087253735,0.8356417493585069,0.9061687750386804,0.9097018493817322,0.003533074343051723,mechanism_online_frozen,online_minus_frozen_g100,HV_fixed,100
3,Brandimarte,Mk07.fjs,1.1065823751210035,1.1043003953250148,1.1128605862798358,1.116720668584755,0.003860082304919299,mechanism_online_frozen,online_minus_frozen_g100,HV_fixed,100
3,Hurink_edata,la04.fjs,1.0772241821317843,1.079370304779069,0.9553716435952888,0.9553716435952888,0.0,mechanism_online_frozen,online_minus_frozen_g100,HV_fixed,100
3,Hurink_edata,la09.fjs,1.1502018876500553,1.148428664022442,1.0322456858734288,1.033415542799454,0.0011698569260252256,mechanism_online_frozen,online_minus_frozen_g100,HV_fixed,100
3,Hurink_edata,la12.fjs,1.171544173402157,1.1731057917371288,1.1014410837737607,1.1013180424089968,-0.00012304136476393168,mechanism_online_frozen,online_minus_frozen_g100,HV_fixed,100
3,Hurink_edata,la17.fjs,1.1362932207817247,1.1293356269146702,1.0269745140491726,1.0334963959249293,0.006521881875756641,mechanism_online_frozen,online_minus_frozen_g100,HV_fixed,100
3,Hurink_edata,la25.fjs,0.943170469808549,0.9710639526319277,0.8705381804462142,0.8827568613493032,0.012218680903088974,mechanism_online_frozen,online_minus_frozen_g100,HV_fixed,100
3,Hurink_edata,la28.fjs,0.9417781408119974,0.9710780262384247,0.8532867318301575,0.8532867318301575,0.0,mechanism_online_frozen,online_minus_frozen_g100,HV_fixed,100
3,Hurink_edata,la35.fjs,0.9927137587015056,0.9667393528775139,0.8886041994973148,0.8763912294789669,-0.01221297001834798,mechanism_online_frozen,online_minus_frozen_g100,HV_fixed,100
3,Hurink_edata,la39.fjs,1.0695985420372964,1.0873743554083402,0.9687514719182013,0.9697226815827286,0.0009712096645272394,mechanism_online_frozen,online_minus_frozen_g100,HV_fixed,100
4,Brandimarte,Mk01.fjs,0.9460723372107689,0.968202575808867,0.9626648462345374,0.9626648462345374,0.0,mechanism_online_frozen,online_minus_frozen_g100,HV_fixed,100
4,Brandimarte,Mk08.fjs,1.0700553084950437,1.0226494337641172,0.9107335620142064,0.9213775787865197,0.010644016772313303,mechanism_online_frozen,online_minus_frozen_g100,HV_fixed,100
4,Hurink_edata,la01.fjs,1.103429538491056,1.0984086620959754,0.9392514521660186,0.9292997270102143,-0.009951725155804225,mechanism_online_frozen,online_minus_frozen_g100,HV_fixed,100
4,Hurink_edata,la06.fjs,1.2410483558305816,1.2443120470731257,1.1593524508195423,1.1562489937708234,-0.0031034570487189495,mechanism_online_frozen,online_minus_frozen_g100,HV_fixed,100
4,Hurink_edata,la11.fjs,1.1299292450813017,1.1350029534277735,1.019503991452524,1.0258831449862114,0.006379153533687454,mechanism_online_frozen,online_minus_frozen_g100,HV_fixed,100
4,Hurink_edata,la18.fjs,1.101108101735862,1.0902343521180342,1.0021821829369413,0.9984591894831777,-0.00372299345376359,mechanism_online_frozen,online_minus_frozen_g100,HV_fixed,100
4,Hurink_edata,la22.fjs,0.9456281453569175,0.9706295046281814,0.8915890692413546,0.90625886608666,0.014669796845305338,mechanism_online_frozen,online_minus_frozen_g100,HV_fixed,100
4,Hurink_edata,la29.fjs,0.839656210993977,0.9088512216407327,0.6755417193547882,0.6843592453353486,0.008817525980560403,mechanism_online_frozen,online_minus_frozen_g100,HV_fixed,100
4,Hurink_edata,la32.fjs,1.004806157389826,1.08054338784381,0.873972036454048,0.8668963809289956,-0.0070756555250524045,mechanism_online_frozen,online_minus_frozen_g100,HV_fixed,100
4,Hurink_edata,la40.fjs,1.178215356000847,1.2054084513765657,1.0768083006965505,1.0751445491747313,-0.00166375152181919,mechanism_online_frozen,online_minus_frozen_g100,HV_fixed,100
5,Brandimarte,Mk05.fjs,0.9469992637588098,0.9907271256106549,1.001498893860512,1.0021913245882064,0.0006924307276943154,mechanism_online_frozen,online_minus_frozen_g100,HV_fixed,100
5,Brandimarte,Mk09.fjs,0.9811259894886675,0.9653490100834042,1.0509562052332027,1.0487556130838676,-0.002200592149335101,mechanism_online_frozen,online_minus_frozen_g100,HV_fixed,100
5,Hurink_edata,la02.fjs,1.051830760377045,1.0504967846302835,0.9921462564544381,0.9816888429966912,-0.010457413457746867,mechanism_online_frozen,online_minus_frozen_g100,HV_fixed,100
5,Hurink_edata,la08.fjs,1.2040193264124532,1.2128986426954098,1.14934144496787,1.14934144496787,0.0,mechanism_online_frozen,online_minus_frozen_g100,HV_fixed,100
5,Hurink_edata,la14.fjs,1.1002237894220341,1.0932323450329242,1.0507098294457777,1.0507098294457777,0.0,mechanism_online_frozen,online_minus_frozen_g100,HV_fixed,100
5,Hurink_edata,la20.fjs,1.112461978720731,1.1033070124645474,1.0139214461806874,1.0139214461806874,0.0,mechanism_online_frozen,online_minus_frozen_g100,HV_fixed,100
5,Hurink_edata,la21.fjs,0.9362432606549902,0.9797481049956012,0.8903830495780379,0.8903829888563,-6.072173797111446e-08,mechanism_online_frozen,online_minus_frozen_g100,HV_fixed,100
5,Hurink_edata,la30.fjs,0.9269815088201991,1.0099199545426618,0.8164202631544321,0.8137169393924304,-0.0027033237620016637,mechanism_online_frozen,online_minus_frozen_g100,HV_fixed,100
5,Hurink_edata,la33.fjs,1.0306546283316542,1.023382222274421,0.9499036125723861,0.9499036125723861,0.0,mechanism_online_frozen,online_minus_frozen_g100,HV_fixed,100
5,Hurink_edata,la38.fjs,1.0937120273886785,1.0781256377032045,0.9874049212700673,0.9874049212700673,0.0,mechanism_online_frozen,online_minus_frozen_g100,HV_fixed,100
1,Brandimarte,Mk04.fjs,0.8867629772840615,0.8915311434849504,0.8830045285900112,0.8856071660813104,0.0026026374912991868,mechanism_online_frozen,online_minus_frozen_g200,HV_fixed,200
1,Brandimarte,Mk10.fjs,0.8744710126039121,0.8844642449319802,0.7377294060255155,0.7484182961205404,0.010688890095024939,mechanism_online_frozen,online_minus_frozen_g200,HV_fixed,200
1,Hurink_edata,la05.fjs,1.110996088741552,1.1397855520907052,0.9899493880235221,1.009816562655688,0.01986717463216603,mechanism_online_frozen,online_minus_frozen_g200,HV_fixed,200
1,Hurink_edata,la10.fjs,1.0801183112034989,1.0754331792736307,0.9459267198750956,0.9653467224485031,0.01942000257340748,mechanism_online_frozen,online_minus_frozen_g200,HV_fixed,200
1,Hurink_edata,la15.fjs,1.1008473791593978,1.0856657292731744,0.9576995007638291,0.947644332874249,-0.010055167889580163,mechanism_online_frozen,online_minus_frozen_g200,HV_fixed,200
1,Hurink_edata,la16.fjs,1.1899387155252947,1.155627388996327,1.0019841275811052,0.9933892737459795,-0.008594853835125704,mechanism_online_frozen,online_minus_frozen_g200,HV_fixed,200
1,Hurink_edata,la24.fjs,1.142332696940901,1.1348625709222278,0.9981322458283679,0.9885205742959049,-0.009611671532463006,mechanism_online_frozen,online_minus_frozen_g200,HV_fixed,200
1,Hurink_edata,la26.fjs,1.1882439524915829,1.2074063211287787,1.0768139257042912,1.0922375325915914,0.015423606887300156,mechanism_online_frozen,online_minus_frozen_g200,HV_fixed,200
1,Hurink_edata,la34.fjs,1.0464862164161186,1.055930804418459,0.8646341776237333,0.8355371177950566,-0.02909705982867672,mechanism_online_frozen,online_minus_frozen_g200,HV_fixed,200
1,Hurink_edata,la37.fjs,1.0678694736602896,1.088000975598122,0.8060486122155097,0.8208047917861581,0.014756179570648342,mechanism_online_frozen,online_minus_frozen_g200,HV_fixed,200
2,Brandimarte,Mk02.fjs,1.0863627829838576,1.0737272417113903,0.9739095949349166,0.9821996160584656,0.00829002112354904,mechanism_online_frozen,online_minus_frozen_g200,HV_fixed,200
2,Brandimarte,Mk03.fjs,1.0029077093462604,1.0259954923133163,1.0548281415029557,1.03799630756225,-0.016831833940705643,mechanism_online_frozen,online_minus_frozen_g200,HV_fixed,200
2,Hurink_edata,la03.fjs,1.1917121546384057,1.2003428902128626,1.0551096258866588,1.0690717776327396,0.013962151746080842,mechanism_online_frozen,online_minus_frozen_g200,HV_fixed,200
2,Hurink_edata,la07.fjs,1.1942571273133131,1.1996701281154896,1.0675266740064433,1.0488153143809604,-0.01871135962548287,mechanism_online_frozen,online_minus_frozen_g200,HV_fixed,200
2,Hurink_edata,la13.fjs,1.162039174802635,1.1689011648429053,1.0286824204335965,1.0273896215521425,-0.0012927988814539493,mechanism_online_frozen,online_minus_frozen_g200,HV_fixed,200
2,Hurink_edata,la19.fjs,1.0867586637070326,1.1047040310197431,0.9153785457666095,0.8561879731438152,-0.05919057262279426,mechanism_online_frozen,online_minus_frozen_g200,HV_fixed,200
2,Hurink_edata,la23.fjs,1.201432292805348,1.2023132645386139,1.0633435504781759,1.0286768925949206,-0.03466665788325529,mechanism_online_frozen,online_minus_frozen_g200,HV_fixed,200
2,Hurink_edata,la27.fjs,0.8867727608980194,0.8925357831300007,0.5398799299139638,0.5386725954558098,-0.001207334458154019,mechanism_online_frozen,online_minus_frozen_g200,HV_fixed,200
2,Hurink_edata,la31.fjs,1.0808097040396092,1.0634209840724007,0.8295253668102729,0.8208122790495981,-0.00871308776067481,mechanism_online_frozen,online_minus_frozen_g200,HV_fixed,200
2,Hurink_edata,la36.fjs,1.1619553750114757,1.171863701380616,0.9580950401670063,0.9804326903279652,0.0223376501609589,mechanism_online_frozen,online_minus_frozen_g200,HV_fixed,200
3,Brandimarte,Mk06.fjs,0.8665700418115219,0.8612421812026483,0.9152626423359451,0.9105721859286722,-0.004690456407272947,mechanism_online_frozen,online_minus_frozen_g200,HV_fixed,200
3,Brandimarte,Mk07.fjs,1.136999511859477,1.1519815639318534,1.0940424797852433,1.1027299367691556,0.008687456983912378,mechanism_online_frozen,online_minus_frozen_g200,HV_fixed,200
3,Hurink_edata,la04.fjs,1.082511907992556,1.0785870576303018,0.9435016425271997,0.9460800816103485,0.002578439083148809,mechanism_online_frozen,online_minus_frozen_g200,HV_fixed,200
3,Hurink_edata,la09.fjs,1.1359728612132813,1.1356873872467748,1.0221221208376532,1.0391479501547547,0.017025829317101504,mechanism_online_frozen,online_minus_frozen_g200,HV_fixed,200
3,Hurink_edata,la12.fjs,1.2252408428266475,1.1983446980991581,1.076730944721198,1.064362018791829,-0.01236892592936889,mechanism_online_frozen,online_minus_frozen_g200,HV_fixed,200
3,Hurink_edata,la17.fjs,1.1730067472182402,1.1468685840030401,0.9076181640667798,0.9076181740491789,9.982399129526698e-09,mechanism_online_frozen,online_minus_frozen_g200,HV_fixed,200
3,Hurink_edata,la25.fjs,0.9064635639038761,0.9019093874946743,0.6976236280680858,0.6882080362670473,-0.009415591801038459,mechanism_online_frozen,online_minus_frozen_g200,HV_fixed,200
3,Hurink_edata,la28.fjs,1.0066488039637675,1.0005578459443214,0.7741019333221534,0.7870105003404418,0.012908567018288464,mechanism_online_frozen,online_minus_frozen_g200,HV_fixed,200
3,Hurink_edata,la35.fjs,1.0058907090710107,0.9535092132033901,0.7458294237116213,0.7159054253388397,-0.02992399837278159,mechanism_online_frozen,online_minus_frozen_g200,HV_fixed,200
3,Hurink_edata,la39.fjs,1.1617642559011778,1.1472544825790043,0.9128793282799736,0.9361418118379029,0.02326248355792926,mechanism_online_frozen,online_minus_frozen_g200,HV_fixed,200
4,Brandimarte,Mk01.fjs,1.0695667766417039,1.0489673773711945,0.9957211946091414,0.9967451513815723,0.001023956772430834,mechanism_online_frozen,online_minus_frozen_g200,HV_fixed,200
4,Brandimarte,Mk08.fjs,1.0778969892138428,1.0639702955421617,0.7561304353355804,0.7856997972398514,0.029569361904270952,mechanism_online_frozen,online_minus_frozen_g200,HV_fixed,200
4,Hurink_edata,la01.fjs,1.1419406695758911,1.1219857241922357,0.8693013336904221,0.8992443894246158,0.029943055734193758,mechanism_online_frozen,online_minus_frozen_g200,HV_fixed,200
4,Hurink_edata,la06.fjs,1.2165421334918824,1.2219601258013033,1.0907658375899678,1.0925226698392612,0.0017568322492933497,mechanism_online_frozen,online_minus_frozen_g200,HV_fixed,200
4,Hurink_edata,la11.fjs,1.1034238989680158,1.1105290422922474,0.9584577296323141,0.9445578961473038,-0.013899833485010338,mechanism_online_frozen,online_minus_frozen_g200,HV_fixed,200
4,Hurink_edata,la18.fjs,1.1794637744312717,1.1384624254337459,0.9841268686165846,0.9800134400725651,-0.004113428544019526,mechanism_online_frozen,online_minus_frozen_g200,HV_fixed,200
4,Hurink_edata,la22.fjs,1.0428757990128559,1.0499130360159552,0.817369848671219,0.8099258274623968,-0.007444021208822149,mechanism_online_frozen,online_minus_frozen_g200,HV_fixed,200
4,Hurink_edata,la29.fjs,0.972880908358922,0.9587425849764835,0.5811171873454366,0.5835362985934371,0.0024191112480005383,mechanism_online_frozen,online_minus_frozen_g200,HV_fixed,200
4,Hurink_edata,la32.fjs,1.0082137019371786,1.0723166979103327,0.7009770874971412,0.7161515741188114,0.015174486621670202,mechanism_online_frozen,online_minus_frozen_g200,HV_fixed,200
4,Hurink_edata,la40.fjs,1.129926511279336,1.1630011841503813,0.9486706239704363,0.9458568599450622,-0.0028137640253741436,mechanism_online_frozen,online_minus_frozen_g200,HV_fixed,200
5,Brandimarte,Mk05.fjs,1.1004747572966818,1.1146113876324557,1.0594504344273257,1.060460225388983,0.0010097909616573197,mechanism_online_frozen,online_minus_frozen_g200,HV_fixed,200
5,Brandimarte,Mk09.fjs,0.9531702440963803,0.9666990438160725,0.989528592525883,0.9956218444097988,0.006093251883915851,mechanism_online_frozen,online_minus_frozen_g200,HV_fixed,200
5,Hurink_edata,la02.fjs,1.0815241955393455,1.0890810821353325,0.9669001225955977,0.9079087011437181,-0.05899142145187952,mechanism_online_frozen,online_minus_frozen_g200,HV_fixed,200
5,Hurink_edata,la08.fjs,1.2249856175986362,1.2437550530093457,1.1435801127767415,1.1508805659984234,0.007300453221681824,mechanism_online_frozen,online_minus_frozen_g200,HV_fixed,200
5,Hurink_edata,la14.fjs,1.1527297001605716,1.1472499849362316,1.0446208916811006,1.0349226187600302,-0.009698272921070394,mechanism_online_frozen,online_minus_frozen_g200,HV_fixed,200
5,Hurink_edata,la20.fjs,1.1473278601901549,1.1284734983743983,0.992062198454433,1.0079769533894973,0.015914754935064335,mechanism_online_frozen,online_minus_frozen_g200,HV_fixed,200
5,Hurink_edata,la21.fjs,0.9724176393881587,0.9746519959308069,0.7336438818433811,0.6807086320162776,-0.052935249827103514,mechanism_online_frozen,online_minus_frozen_g200,HV_fixed,200
5,Hurink_edata,la30.fjs,0.9399332727713834,0.9847143197718928,0.6002410946251417,0.5429986243256942,-0.05724247029944751,mechanism_online_frozen,online_minus_frozen_g200,HV_fixed,200
5,Hurink_edata,la33.fjs,1.0663791274759928,1.076250472942416,0.9221127403167828,0.9353271544079884,0.013214414091205606,mechanism_online_frozen,online_minus_frozen_g200,HV_fixed,200
5,Hurink_edata,la38.fjs,1.0905676203825307,1.0575007429546843,0.9162269365616535,0.8964553320842932,-0.01977160447736037,mechanism_online_frozen,online_minus_frozen_g200,HV_fixed,200
